lot_id,sale_date,category,low_estimate,high_estimate,hammer_price,sale_year,sale_season,sold
HB-1001,2021-10-13 04:19:22.747186688,Handbags,14900,27700,,2021,Autumn,False
HB-1002,2026-03-25 13:32:19.595694592,Handbags,21900,43100,41100.0,2026,Spring,True
HB-1003,2024-04-16 23:12:13.884838144,Handbags,7800,13900,13800.0,2024,Spring,True
HB-1004,2024-04-02 14:58:54.855755776,Handbags,10600,19900,12300.0,2024,Spring,True
HB-1005,2026-04-05 02:45:10.093396992,Handbags,3300,6800,3800.0,2026,Spring,True
HB-1006,2021-06-22 02:26:39.408732416,Handbags,11600,21400,23300.0,2021,Spring,True
HB-1007,2026-03-12 09:05:22.867062272,Handbags,5600,11300,10900.0,2026,Spring,True
HB-1008,2022-02-02 00:13:47.987975680,Handbags,11200,22100,25100.0,2022,Spring,True
HB-1009,2024-04-27 11:55:53.408500736,Handbags,4200,6900,7000.0,2024,Spring,True
HB-1010,2023-03-29 11:34:58.202045696,Handbags,13500,24300,18100.0,2023,Spring,True
HB-1011,2023-01-18 04:05:07.787897344,Handbags,17600,34000,,2023,Spring,False
HB-1012,2025-12-18 04:47:18.287897344,Handbags,6500,13500,18600.0,2025,Autumn,True
HB-1013,2021-10-18 09:31:54.584665344,Handbags,5400,9700,,2021,Autumn,False
HB-1014,2026-04-25 07:06:39.935897600,Handbags,3100,5000,5500.0,2026,Spring,True
HB-1015,2023-01-08 18:39:24.671590912,Handbags,8600,16100,,2023,Spring,False
HB-1016,2024-06-16 12:22:59.200359680,Handbags,7300,12100,9300.0,2024,Spring,True
HB-1017,2026-02-27 13:06:57.553915904,Handbags,4300,8400,10300.0,2026,Spring,True
HB-1018,2021-04-23 02:11:58.044838656,Handbags,12800,23700,34400.0,2021,Spring,True
HB-1019,2025-12-01 21:27:25.941809152,Handbags,7800,15200,9200.0,2025,Autumn,True
HB-1020,2024-01-10 23:03:46.589721344,Handbags,5500,11200,9800.0,2024,Spring,True
HB-1021,2024-10-02 18:09:06.608746496,Handbags,7400,14000,21200.0,2024,Autumn,True
HB-1022,2021-10-18 07:29:53.247220736,Handbags,18000,34100,54200.0,2021,Autumn,True
HB-1023,2023-11-04 23:19:35.650317056,Handbags,13900,27300,39400.0,2023,Autumn,True
HB-1024,2024-08-03 15:47:04.317100032,Handbags,9300,18700,16200.0,2024,Autumn,True
HB-1025,2023-06-07 20:34:27.279243520,Handbags,14100,28400,28400.0,2023,Spring,True
HB-1026,2021-10-29 14:25:39.929754880,Handbags,5300,8500,4800.0,2021,Autumn,True
HB-1027,2022-04-21 01:20:14.218068480,Handbags,10200,19000,10900.0,2022,Spring,True
HB-1028,2025-07-21 15:33:39.278017280,Handbags,10800,18500,23400.0,2025,Autumn,True
HB-1029,2021-03-09 01:55:59.697340928,Handbags,7700,15500,14100.0,2021,Spring,True
HB-1030,2024-10-11 10:41:40.241399040,Handbags,12700,24300,16400.0,2024,Autumn,True
HB-1031,2026-04-29 19:30:44.155347968,Handbags,6500,11700,9600.0,2026,Spring,True
HB-1032,2021-01-15 13:29:09.060613632,Handbags,13200,22400,22800.0,2021,Spring,True
HB-1033,2021-11-10 09:28:39.253520896,Handbags,13500,23900,28400.0,2021,Autumn,True
HB-1034,2024-08-04 21:14:07.544086528,Handbags,2000,3900,3700.0,2024,Autumn,True
HB-1035,2021-04-27 17:48:42.978506752,Handbags,19200,32700,,2021,Spring,False
HB-1036,2024-02-22 17:33:05.061614592,Handbags,1900,3100,3300.0,2024,Spring,True
HB-1037,2024-08-24 01:32:27.012176128,Handbags,7100,14400,13100.0,2024,Autumn,True
HB-1038,2024-02-19 12:47:13.352350208,Handbags,17600,34600,37500.0,2024,Spring,True
HB-1039,2022-12-12 15:35:10.931625216,Handbags,8400,14200,17400.0,2022,Autumn,True
HB-1040,2024-09-18 21:52:20.466336000,Handbags,4500,7800,5200.0,2024,Autumn,True
HB-1041,2024-03-02 11:55:37.077446912,Handbags,5500,11300,10100.0,2024,Spring,True
HB-1042,2022-02-09 01:29:11.347707904,Handbags,17600,34100,46800.0,2022,Spring,True
HB-1043,2024-01-01 20:40:56.739356160,Handbags,3500,6600,12000.0,2024,Spring,True
HB-1044,2025-09-13 04:35:40.809323264,Handbags,18600,32500,24200.0,2025,Autumn,True
HB-1045,2024-07-21 15:46:54.389592320,Handbags,9700,16900,15400.0,2024,Autumn,True
HB-1046,2023-07-08 02:33:02.020760064,Handbags,5200,8400,11500.0,2023,Autumn,True
HB-1047,2022-09-18 19:15:50.185493504,Handbags,7300,14100,14200.0,2022,Autumn,True
HB-1048,2021-06-17 03:13:46.292060672,Handbags,5700,9300,10900.0,2021,Spring,True
HB-1049,2022-04-22 01:03:56.190159616,Handbags,16100,25800,22000.0,2022,Spring,True
HB-1050,2021-01-22 18:27:58.018210304,Handbags,15000,29200,32300.0,2021,Spring,True
HB-1051,2026-04-04 23:22:36.667509504,Handbags,3900,8000,6900.0,2026,Spring,True
HB-1052,2022-03-09 22:48:39.972314368,Handbags,8000,15700,13700.0,2022,Spring,True
HB-1053,2025-05-05 17:57:57.697839616,Handbags,6200,11400,14000.0,2025,Spring,True
HB-1054,2021-11-25 04:23:26.015351040,Handbags,20400,37300,26200.0,2021,Autumn,True
HB-1055,2022-07-06 21:18:29.128243456,Handbags,4800,8600,6600.0,2022,Autumn,True
HB-1056,2023-03-25 23:13:26.102070016,Handbags,24200,42400,52500.0,2023,Spring,True
HB-1057,2022-09-24 07:02:31.697050368,Handbags,9800,18200,30700.0,2022,Autumn,True
HB-1058,2025-04-03 14:10:34.892891648,Handbags,5300,9500,7300.0,2025,Spring,True
HB-1059,2026-02-07 16:06:46.540628480,Handbags,6900,13000,11900.0,2026,Spring,True
HB-1060,2025-08-31 07:45:12.831945216,Handbags,6400,13100,11300.0,2025,Autumn,True
HB-1061,2021-10-26 20:42:02.512540928,Handbags,5000,10300,11900.0,2021,Autumn,True
HB-1062,2025-02-20 10:28:04.584782080,Handbags,10500,17300,14600.0,2025,Spring,True
HB-1063,2021-10-15 21:42:45.500339712,Handbags,5100,9100,9900.0,2021,Autumn,True
HB-1064,2025-11-13 10:33:04.323154944,Handbags,3000,5100,6900.0,2025,Autumn,True
HB-1065,2023-10-05 19:00:03.592891136,Handbags,8100,14400,9600.0,2023,Autumn,True
HB-1066,2022-10-17 14:20:32.411761664,Handbags,3700,6400,10400.0,2022,Autumn,True
HB-1067,2021-11-02 13:43:07.778985984,Handbags,6600,11100,7200.0,2021,Autumn,True
HB-1068,2021-01-23 23:31:53.955524096,Handbags,6100,11900,23000.0,2021,Spring,True
HB-1069,2022-04-28 12:06:58.674707968,Handbags,6200,11400,11600.0,2022,Spring,True
HB-1070,2025-11-14 16:23:34.927765504,Handbags,30100,61400,82900.0,2025,Autumn,True
HB-1071,2025-04-01 11:20:00.340375552,Handbags,10300,16700,13400.0,2025,Spring,True
HB-1072,2026-03-03 05:14:43.176442624,Handbags,11400,18700,13400.0,2026,Spring,True
HB-1073,2021-07-16 01:57:57.896829440,Handbags,3800,6800,6900.0,2021,Autumn,True
HB-1074,2024-02-27 09:06:57.732079616,Handbags,7000,11400,11700.0,2024,Spring,True
HB-1075,2022-05-16 09:57:20.660880128,Handbags,11300,19400,20500.0,2022,Spring,True
HB-1076,2023-11-23 13:32:57.935020288,Handbags,5700,11800,14500.0,2023,Autumn,True
HB-1077,2022-09-16 14:31:29.911280128,Handbags,16500,28000,19000.0,2022,Autumn,True
HB-1078,2022-07-06 14:58:30.210836736,Handbags,5200,8700,10000.0,2022,Autumn,True
HB-1079,2024-01-22 16:52:15.548724480,Handbags,8500,16000,14300.0,2024,Spring,True
HB-1080,2021-12-23 17:41:29.155037952,Handbags,7200,13300,20300.0,2021,Autumn,True
HB-1081,2023-07-02 22:24:28.945244672,Handbags,10900,20600,13100.0,2023,Autumn,True
HB-1082,2024-06-20 11:32:09.695819776,Handbags,7000,12500,11900.0,2024,Spring,True
HB-1083,2021-09-07 10:36:55.965346816,Handbags,8600,17200,10500.0,2021,Autumn,True
HB-1084,2025-12-16 22:28:29.377325824,Handbags,8800,14600,21700.0,2025,Autumn,True
HB-1085,2023-09-12 03:21:58.907899648,Handbags,6700,12100,13200.0,2023,Autumn,True
HB-1086,2025-05-14 19:14:03.835990784,Handbags,13100,25200,24600.0,2025,Spring,True
HB-1087,2024-06-26 11:59:57.234214144,Handbags,11400,23000,24900.0,2024,Spring,True
HB-1088,2024-10-13 15:53:02.251887872,Handbags,9500,16900,26100.0,2024,Autumn,True
HB-1089,2024-10-25 14:10:46.085266176,Handbags,7900,14800,18700.0,2024,Autumn,True
HB-1090,2025-08-30 22:39:56.132492544,Handbags,15500,25300,32800.0,2025,Autumn,True
HB-1091,2024-04-09 01:49:41.658353664,Handbags,8800,14800,15000.0,2024,Spring,True
HB-1092,2022-06-26 09:51:13.874384896,Handbags,8400,13800,11900.0,2022,Spring,True
HB-1093,2021-07-13 15:29:54.097398016,Handbags,10600,20600,20200.0,2021,Autumn,True
HB-1094,2024-03-25 18:19:44.150877952,Handbags,25400,44200,35200.0,2024,Spring,True
HB-1095,2021-05-10 02:56:28.850284288,Handbags,4800,9300,6800.0,2021,Spring,True
HB-1096,2022-04-15 13:22:09.723748096,Handbags,15300,24900,18900.0,2022,Spring,True
HB-1097,2021-04-29 03:16:06.058731776,Handbags,3500,7100,6900.0,2021,Spring,True
HB-1098,2023-12-05 03:14:45.445065728,Handbags,11300,22600,,2023,Autumn,False
HB-1099,2021-11-09 00:25:54.434394112,Handbags,23800,39100,41400.0,2021,Autumn,True
HB-1100,2024-04-02 20:27:48.408555264,Handbags,13100,21100,33900.0,2024,Spring,True
HB-1101,2025-03-20 00:33:54.258617088,Handbags,11000,17900,27900.0,2025,Spring,True
HB-1102,2025-05-19 09:07:01.858544640,Handbags,7300,14800,11500.0,2025,Spring,True
HB-1103,2022-08-26 08:55:12.014615040,Handbags,10200,17400,17400.0,2022,Autumn,True
HB-1104,2023-12-05 06:22:20.981869568,Handbags,8700,16200,27000.0,2023,Autumn,True
HB-1105,2024-01-01 14:51:16.340663808,Handbags,6500,11700,12200.0,2024,Spring,True
HB-1106,2023-07-10 05:43:22.639181568,Handbags,8500,16900,20200.0,2023,Autumn,True
HB-1107,2024-06-28 20:26:21.066368000,Handbags,11200,20500,18800.0,2024,Spring,True
HB-1108,2022-02-13 19:54:32.511795456,Handbags,6600,12100,11200.0,2022,Spring,True
HB-1109,2026-03-21 14:34:34.541981952,Handbags,6400,13300,9700.0,2026,Spring,True
HB-1110,2021-07-10 20:43:12.880037632,Handbags,4700,7900,8100.0,2021,Autumn,True
HB-1111,2025-06-02 15:56:39.043501824,Handbags,12400,24800,17600.0,2025,Spring,True
HB-1112,2024-03-02 02:39:32.308445696,Handbags,13500,21900,14500.0,2024,Spring,True
HB-1113,2022-04-22 11:41:46.006567168,Handbags,11400,20800,25400.0,2022,Spring,True
HB-1114,2024-12-22 02:00:18.831019008,Handbags,17000,34400,42000.0,2024,Autumn,True
HB-1115,2021-06-14 09:35:44.706127104,Handbags,10500,20100,18500.0,2021,Spring,True
HB-1116,2025-02-16 00:24:37.944345600,Handbags,12400,23900,21900.0,2025,Spring,True
HB-1117,2024-02-23 02:40:11.350695680,Handbags,11800,20400,28400.0,2024,Spring,True
HB-1118,2021-08-04 12:28:58.333388032,Handbags,9500,17100,16300.0,2021,Autumn,True
HB-1119,2021-06-04 17:13:40.147197696,Handbags,7500,13300,10600.0,2021,Spring,True
HB-1120,2025-01-01 03:03:36.420539648,Handbags,33800,62500,50600.0,2025,Spring,True
HB-1121,2022-07-25 01:16:42.878478848,Handbags,7800,14200,10100.0,2022,Autumn,True
HB-1122,2025-09-27 13:57:13.097635072,Handbags,6900,12200,10900.0,2025,Autumn,True
HB-1123,2025-01-22 23:51:30.147096064,Handbags,12700,22200,15500.0,2025,Spring,True
HB-1124,2024-09-20 16:16:37.881466368,Handbags,11500,19800,25600.0,2024,Autumn,True
HB-1125,2022-06-27 04:01:01.495893760,Handbags,4600,8200,8900.0,2022,Spring,True
HB-1126,2024-10-11 14:32:41.338988288,Handbags,18500,31000,32300.0,2024,Autumn,True
HB-1127,2026-01-20 02:17:22.047290880,Handbags,9500,19200,20200.0,2026,Spring,True
HB-1128,2021-06-28 04:12:37.815994880,Handbags,5400,10300,,2021,Spring,False
HB-1129,2022-09-27 17:06:00.115684352,Handbags,19200,32000,31100.0,2022,Autumn,True
HB-1130,2022-04-02 16:08:00.550025728,Handbags,14100,27300,28100.0,2022,Spring,True
HB-1131,2023-02-05 06:21:15.397375488,Handbags,5000,10000,7800.0,2023,Spring,True
HB-1132,2024-12-15 13:54:15.524275456,Handbags,26600,45600,36700.0,2024,Autumn,True
HB-1133,2023-07-12 21:01:31.882408448,Handbags,14400,24000,16100.0,2023,Autumn,True
HB-1134,2024-01-16 15:24:08.021664000,Handbags,9900,16000,11200.0,2024,Spring,True
HB-1135,2022-09-04 08:17:23.614119168,Handbags,24000,38900,38200.0,2022,Autumn,True
HB-1136,2021-10-02 22:46:26.148129280,Handbags,10900,21500,22200.0,2021,Autumn,True
HB-1137,2022-06-04 10:52:08.903955712,Handbags,9800,20400,41300.0,2022,Spring,True
HB-1138,2025-07-31 22:30:31.641140736,Handbags,7000,11300,17500.0,2025,Autumn,True
HB-1139,2024-03-18 07:16:54.481486336,Handbags,13800,27000,22300.0,2024,Spring,True
HB-1140,2023-01-06 13:34:58.774812928,Handbags,13000,21200,15700.0,2023,Spring,True
HB-1141,2025-03-18 03:46:08.295524096,Handbags,10100,19000,12900.0,2025,Spring,True
HB-1142,2021-05-06 10:25:11.731346688,Handbags,6500,12700,10500.0,2021,Spring,True
HB-1143,2022-05-10 01:43:45.733177600,Handbags,10700,19000,34200.0,2022,Spring,True
HB-1144,2022-03-24 18:44:15.745538304,Handbags,9600,15400,11100.0,2022,Spring,True
HB-1145,2026-04-02 12:27:59.441416704,Handbags,4800,9100,9500.0,2026,Spring,True
HB-1146,2024-10-06 01:37:41.491457280,Handbags,4500,9200,13400.0,2024,Autumn,True
HB-1147,2024-04-17 05:04:27.743127808,Handbags,13600,23500,24800.0,2024,Spring,True
HB-1148,2021-01-10 16:49:04.148806912,Handbags,2400,4000,4900.0,2021,Spring,True
HB-1149,2021-12-25 16:00:51.615376896,Handbags,11200,18600,,2021,Autumn,False
HB-1150,2024-05-21 18:19:13.969252608,Handbags,7700,14300,12300.0,2024,Spring,True
HB-1151,2023-01-09 22:24:41.126398976,Handbags,20500,38700,26900.0,2023,Spring,True
HB-1152,2025-12-04 15:35:27.741648640,Handbags,7600,15100,8800.0,2025,Autumn,True
HB-1153,2025-01-28 03:40:47.750867968,Handbags,14400,28200,35000.0,2025,Spring,True
HB-1154,2023-05-21 14:37:32.650477056,Handbags,8000,16300,19600.0,2023,Spring,True
HB-1155,2024-12-29 13:20:51.039410688,Handbags,10600,21200,18400.0,2024,Autumn,True
HB-1156,2026-03-14 03:17:00.743927552,Handbags,15000,25800,18000.0,2026,Spring,True
HB-1157,2023-06-17 01:38:54.372686848,Handbags,7800,14500,13700.0,2023,Spring,True
HB-1158,2024-06-04 08:31:44.644605952,Handbags,17300,30100,25500.0,2024,Spring,True
HB-1159,2025-11-23 17:18:43.854561792,Handbags,5800,10200,9500.0,2025,Autumn,True
HB-1160,2022-04-29 22:06:05.096654848,Handbags,11800,24100,17600.0,2022,Spring,True
HB-1161,2025-09-22 05:48:02.879531520,Handbags,16600,32000,,2025,Autumn,False
HB-1162,2021-07-09 19:43:40.746451456,Handbags,14400,29700,24800.0,2021,Autumn,True
HB-1163,2024-06-15 21:07:24.092851712,Handbags,28700,51600,57600.0,2024,Spring,True
HB-1164,2025-03-04 09:40:23.497411328,Handbags,6600,12200,19000.0,2025,Spring,True
HB-1165,2024-04-11 00:34:07.910275072,Handbags,4700,8600,12900.0,2024,Spring,True
HB-1166,2023-08-23 07:27:26.975305216,Handbags,5800,9600,9500.0,2023,Autumn,True
HB-1167,2024-04-16 08:34:44.237745152,Handbags,14400,24600,14900.0,2024,Spring,True
HB-1168,2021-10-23 03:18:06.677406720,Handbags,13200,24400,22400.0,2021,Autumn,True
HB-1169,2022-02-24 12:00:52.038945024,Handbags,10600,17300,15800.0,2022,Spring,True
HB-1170,2022-06-10 05:22:44.256493056,Handbags,5400,11000,19500.0,2022,Spring,True
HB-1171,2024-03-09 06:41:10.769227008,Handbags,15200,25300,25100.0,2024,Spring,True
HB-1172,2023-05-10 22:32:51.893483264,Handbags,5100,8600,7400.0,2023,Spring,True
HB-1173,2022-04-21 17:59:59.090851072,Handbags,18900,37200,35400.0,2022,Spring,True
HB-1174,2025-09-14 22:43:37.374529792,Handbags,48100,79300,69700.0,2025,Autumn,True
HB-1175,2022-12-29 15:38:44.264596992,Handbags,12200,24900,20600.0,2022,Autumn,True
HB-1176,2023-05-18 23:27:55.493686272,Handbags,13800,26900,34000.0,2023,Spring,True
HB-1177,2023-03-09 06:40:44.684919296,Handbags,7600,12500,10200.0,2023,Spring,True
HB-1178,2021-12-21 01:27:49.619683584,Handbags,3700,7100,11400.0,2021,Autumn,True
HB-1179,2024-11-24 17:54:29.263153152,Handbags,7200,13700,7700.0,2024,Autumn,True
HB-1180,2023-05-23 16:47:40.851617024,Handbags,5500,10800,,2023,Spring,False
HB-1181,2021-02-01 15:16:19.417546240,Handbags,4500,9000,7100.0,2021,Spring,True
HB-1182,2026-02-19 23:17:45.438043136,Handbags,25800,50200,60600.0,2026,Spring,True
HB-1183,2025-05-07 11:25:25.377427968,Handbags,11600,21900,28200.0,2025,Spring,True
HB-1184,2024-11-09 01:06:57.864612864,Handbags,12300,21600,17500.0,2024,Autumn,True
HB-1185,2025-08-19 06:04:00.194510592,Handbags,8400,16300,20200.0,2025,Autumn,True
HB-1186,2025-10-31 15:31:33.500616960,Handbags,9100,18700,13000.0,2025,Autumn,True
HB-1187,2022-10-19 18:07:09.289123840,Handbags,17000,32000,26200.0,2022,Autumn,True
HB-1188,2024-04-03 22:12:50.820384512,Handbags,9800,18900,19900.0,2024,Spring,True
HB-1189,2024-03-30 17:45:35.716097024,Handbags,13400,24200,24900.0,2024,Spring,True
HB-1190,2022-06-05 03:57:49.435668480,Handbags,9000,17600,27100.0,2022,Spring,True
HB-1191,2022-03-08 22:03:28.625701888,Handbags,8300,17200,16400.0,2022,Spring,True
HB-1192,2021-08-10 15:55:27.944643328,Handbags,4600,7700,8500.0,2021,Autumn,True
HB-1193,2024-07-07 00:36:36.741895168,Handbags,3400,5700,6200.0,2024,Autumn,True
HB-1194,2025-02-28 16:02:26.005565440,Handbags,8700,16100,15000.0,2025,Spring,True
HB-1195,2025-01-20 19:32:52.639303680,Handbags,10300,18900,,2025,Spring,False
HB-1196,2022-09-08 11:19:30.777769472,Handbags,4900,9200,9500.0,2022,Autumn,True
HB-1197,2022-02-04 10:27:21.802056448,Handbags,9800,15900,22000.0,2022,Spring,True
HB-1198,2023-06-02 17:35:47.725960704,Handbags,10300,18500,24400.0,2023,Spring,True
HB-1199,2023-12-01 02:22:33.049462016,Handbags,3100,5700,5100.0,2023,Autumn,True
HB-1200,2025-11-24 13:02:42.808716288,Handbags,6000,11400,12300.0,2025,Autumn,True
HB-1201,2025-08-30 09:44:26.149975552,Handbags,12500,24000,22500.0,2025,Autumn,True
HB-1202,2025-11-18 15:35:17.898434048,Handbags,12400,24100,37500.0,2025,Autumn,True
HB-1203,2025-07-13 14:39:15.967406848,Handbags,5300,10100,9400.0,2025,Autumn,True
HB-1204,2026-02-21 01:48:02.059176448,Handbags,10900,21600,,2026,Spring,False
HB-1205,2023-06-25 20:42:42.724021248,Handbags,17500,33300,26200.0,2023,Spring,True
HB-1206,2021-04-03 09:12:08.006814976,Handbags,15300,28500,36300.0,2021,Spring,True
HB-1207,2021-06-12 14:40:52.138065152,Handbags,9500,17900,17400.0,2021,Spring,True
HB-1208,2023-01-30 11:27:24.931207936,Handbags,7700,12700,18600.0,2023,Spring,True
HB-1209,2022-05-17 11:01:04.478930688,Handbags,7100,12200,10000.0,2022,Spring,True
HB-1210,2021-11-27 16:54:19.364138240,Handbags,12900,24000,42100.0,2021,Autumn,True
HB-1211,2026-01-29 22:25:44.704747008,Handbags,11100,22500,19500.0,2026,Spring,True
HB-1212,2022-01-16 06:52:35.245667072,Handbags,14100,27200,22000.0,2022,Spring,True
HB-1213,2026-02-10 22:50:58.323158016,Handbags,10800,17700,13200.0,2026,Spring,True
HB-1214,2025-01-20 14:13:01.914102016,Handbags,15700,29600,42400.0,2025,Spring,True
HB-1215,2024-06-01 06:43:36.015371264,Handbags,10500,18000,24700.0,2024,Spring,True
HB-1216,2024-08-08 12:47:22.243251456,Handbags,15400,30100,38400.0,2024,Autumn,True
HB-1217,2022-10-08 01:10:36.523832576,Handbags,16100,32200,22900.0,2022,Autumn,True
HB-1218,2024-06-11 22:43:42.187706368,Handbags,6400,12100,11300.0,2024,Spring,True
HB-1219,2021-12-30 07:16:07.291949568,Handbags,3700,7000,9300.0,2021,Autumn,True
HB-1220,2025-12-30 18:35:40.276177408,Handbags,23400,41200,45500.0,2025,Autumn,True
HB-1221,2022-08-11 06:57:22.138270464,Handbags,11500,20900,37400.0,2022,Autumn,True
HB-1222,2022-05-12 14:13:51.132567296,Handbags,3900,7800,,2022,Spring,False
HB-1223,2024-10-15 22:08:50.376695808,Handbags,6800,13100,7000.0,2024,Autumn,True
HB-1224,2024-07-01 10:46:51.342826752,Handbags,15300,28300,54300.0,2024,Autumn,True
HB-1225,2023-05-29 05:27:52.856300544,Handbags,8600,15200,15800.0,2023,Spring,True
HB-1226,2024-05-15 17:46:08.201994496,Handbags,7500,12300,28500.0,2024,Spring,True
HB-1227,2021-11-07 08:57:51.924668416,Handbags,21600,36100,41300.0,2021,Autumn,True
HB-1228,2024-08-03 07:07:30.968043264,Handbags,5600,9500,7400.0,2024,Autumn,True
HB-1229,2022-06-11 14:36:06.870226688,Handbags,6400,11500,10900.0,2022,Spring,True
HB-1230,2022-06-15 22:31:53.236910080,Handbags,11200,23100,22800.0,2022,Spring,True
HB-1231,2021-11-12 14:27:06.053812224,Handbags,12400,22800,20100.0,2021,Autumn,True
HB-1232,2022-10-09 19:20:30.173024512,Handbags,13100,22500,26800.0,2022,Autumn,True
HB-1233,2022-10-07 14:44:58.274809088,Handbags,16500,27200,,2022,Autumn,False
HB-1234,2023-06-03 19:58:35.625154048,Handbags,11200,19700,17300.0,2023,Spring,True
HB-1235,2022-01-06 13:21:09.165373952,Handbags,13100,26100,30300.0,2022,Spring,True
HB-1236,2022-01-11 14:13:26.287532544,Handbags,8700,15500,15900.0,2022,Spring,True
HB-1237,2023-11-21 05:21:29.703453952,Handbags,10400,20400,21000.0,2023,Autumn,True
HB-1238,2021-09-08 19:05:25.107827456,Handbags,10600,21100,16100.0,2021,Autumn,True
HB-1239,2024-09-02 14:14:45.099997952,Handbags,11300,18600,18400.0,2024,Autumn,True
HB-1240,2026-01-11 22:06:23.638632192,Handbags,15300,28900,26700.0,2026,Spring,True
HB-1241,2023-04-11 13:03:45.771167232,Handbags,13600,28000,,2023,Spring,False
HB-1242,2025-10-20 13:13:21.163401216,Handbags,10200,18400,21500.0,2025,Autumn,True
HB-1243,2021-07-11 07:46:41.058992640,Handbags,6400,10400,10100.0,2021,Autumn,True
HB-1244,2021-03-25 14:17:34.904227584,Handbags,10400,21200,,2021,Spring,False
HB-1245,2024-11-04 18:48:43.399462912,Handbags,9800,19900,,2024,Autumn,False
HB-1246,2025-01-20 22:45:05.560300032,Handbags,11100,20600,17900.0,2025,Spring,True
HB-1247,2025-06-29 14:11:31.509831936,Handbags,33700,62800,55800.0,2025,Spring,True
HB-1248,2021-04-21 13:36:46.267173888,Handbags,7500,12800,12900.0,2021,Spring,True
HB-1249,2025-02-20 20:40:01.540933632,Handbags,12600,25100,28300.0,2025,Spring,True
HB-1250,2023-01-03 17:51:53.915513600,Handbags,18000,33100,36000.0,2023,Spring,True
HB-1251,2022-08-14 07:04:50.868441856,Handbags,10600,17100,12600.0,2022,Autumn,True
HB-1252,2021-12-03 16:54:33.200702464,Handbags,36200,69700,74700.0,2021,Autumn,True
HB-1253,2026-04-23 05:55:11.374710272,Handbags,8100,16700,,2026,Spring,False
HB-1254,2021-05-04 21:20:39.391973632,Handbags,12000,23900,21700.0,2021,Spring,True
HB-1255,2025-05-29 08:34:56.331307264,Handbags,6400,11200,13100.0,2025,Spring,True
HB-1256,2024-05-29 10:56:53.214538496,Handbags,8200,13400,13700.0,2024,Spring,True
HB-1257,2024-12-01 11:11:49.447702528,Handbags,11500,23500,24800.0,2024,Autumn,True
HB-1258,2024-10-17 00:02:10.927779328,Handbags,15900,32600,30200.0,2024,Autumn,True
HB-1259,2025-07-29 12:19:27.087088384,Handbags,11900,22100,19500.0,2025,Autumn,True
HB-1260,2021-12-24 15:49:29.390014976,Handbags,20000,38100,35600.0,2021,Autumn,True
HB-1261,2021-01-02 14:30:46.456729600,Handbags,9500,17300,10400.0,2021,Spring,True
HB-1262,2024-03-10 17:40:28.388196096,Handbags,8300,15000,18100.0,2024,Spring,True
HB-1263,2022-11-20 14:36:50.007445248,Handbags,44200,73300,111400.0,2022,Autumn,True
HB-1264,2021-08-29 21:21:48.644981248,Handbags,12400,20500,27000.0,2021,Autumn,True
HB-1265,2021-12-29 05:25:27.738063616,Handbags,6700,11500,17600.0,2021,Autumn,True
HB-1266,2022-10-08 14:01:11.600743936,Handbags,6800,13700,14900.0,2022,Autumn,True
HB-1267,2021-05-17 16:10:45.674013440,Handbags,6000,9900,13200.0,2021,Spring,True
HB-1268,2021-04-21 18:04:27.091945728,Handbags,16700,28600,37400.0,2021,Spring,True
HB-1269,2025-11-18 14:05:24.740500224,Handbags,8200,15200,13400.0,2025,Autumn,True
HB-1270,2022-08-31 08:26:48.500934144,Handbags,10700,18300,,2022,Autumn,False
HB-1271,2026-03-27 10:06:08.981302784,Handbags,9700,16200,21000.0,2026,Spring,True
HB-1272,2026-02-20 15:47:48.325426688,Handbags,15000,28000,26300.0,2026,Spring,True
HB-1273,2021-10-05 10:38:57.011299840,Handbags,6300,11200,9000.0,2021,Autumn,True
HB-1274,2024-10-23 05:49:28.712869376,Handbags,5500,10500,11400.0,2024,Autumn,True
HB-1275,2024-03-15 03:59:29.550446336,Handbags,11300,23100,25000.0,2024,Spring,True
HB-1276,2024-09-05 23:58:51.248291072,Handbags,13900,23300,24300.0,2024,Autumn,True
HB-1277,2021-07-07 04:30:16.072833792,Handbags,12000,24500,18200.0,2021,Autumn,True
HB-1278,2022-01-02 22:30:35.685174272,Handbags,6400,13000,,2022,Spring,False
HB-1279,2021-05-30 03:19:55.359847168,Handbags,14500,29000,56000.0,2021,Spring,True
HB-1280,2024-03-21 15:29:02.113649152,Handbags,6600,12600,9700.0,2024,Spring,True
HB-1281,2026-04-04 21:44:58.583241472,Handbags,7500,14200,10300.0,2026,Spring,True
HB-1282,2024-07-31 16:21:57.048395264,Handbags,6000,11300,9700.0,2024,Autumn,True
HB-1283,2024-10-15 03:24:24.233991168,Handbags,20500,39500,38500.0,2024,Autumn,True
HB-1284,2026-04-01 00:03:35.208854528,Handbags,14200,22800,13000.0,2026,Spring,True
HB-1285,2024-08-12 09:51:05.853742336,Handbags,13900,28700,28900.0,2024,Autumn,True
HB-1286,2021-03-20 04:38:24.604944384,Handbags,19900,37400,23100.0,2021,Spring,True
HB-1287,2025-08-15 04:37:46.496663552,Handbags,47000,92800,94000.0,2025,Autumn,True
HB-1288,2022-12-11 15:56:05.545864704,Handbags,3900,7000,6800.0,2022,Autumn,True
HB-1289,2021-01-09 11:47:54.885203712,Handbags,6700,10700,10400.0,2021,Spring,True
HB-1290,2023-09-15 01:51:54.103682048,Handbags,7100,13100,14900.0,2023,Autumn,True
HB-1291,2025-12-29 10:20:54.963330048,Handbags,6300,11500,10700.0,2025,Autumn,True
HB-1292,2022-05-16 18:22:20.693116160,Handbags,5500,10000,9900.0,2022,Spring,True
HB-1293,2023-08-15 11:37:52.443335424,Handbags,8500,15000,35200.0,2023,Autumn,True
HB-1294,2021-12-05 04:04:32.761159680,Handbags,5100,8800,13200.0,2021,Autumn,True
HB-1295,2021-04-23 06:28:42.735033856,Handbags,12000,22300,30800.0,2021,Spring,True
HB-1296,2021-06-06 17:46:16.288641280,Handbags,10300,18300,15700.0,2021,Spring,True
HB-1297,2024-11-15 18:19:02.467268864,Handbags,13000,26900,39800.0,2024,Autumn,True
HB-1298,2025-08-09 11:44:02.693548800,Handbags,13200,22300,30400.0,2025,Autumn,True
HB-1299,2021-10-06 20:37:44.358414080,Handbags,13900,24400,22000.0,2021,Autumn,True
HB-1300,2022-07-16 01:37:49.407672576,Handbags,8100,14200,,2022,Autumn,False
HB-1301,2022-01-15 12:39:22.524782336,Handbags,32100,59800,70500.0,2022,Spring,True
HB-1302,2021-02-22 06:16:19.940058880,Handbags,11400,20900,17200.0,2021,Spring,True
HB-1303,2023-12-13 23:27:31.317126144,Handbags,3600,6900,,2023,Autumn,False
HB-1304,2024-09-24 01:09:54.122791168,Handbags,5800,11800,12800.0,2024,Autumn,True
HB-1305,2024-06-14 18:28:11.522122752,Handbags,3800,6700,10500.0,2024,Spring,True
HB-1306,2023-01-26 03:39:10.343535104,Handbags,10100,19500,14800.0,2023,Spring,True
HB-1307,2023-12-17 01:11:54.694958336,Handbags,9400,15100,13400.0,2023,Autumn,True
HB-1308,2021-07-03 02:48:50.461697536,Handbags,7700,13300,14100.0,2021,Autumn,True
HB-1309,2021-10-28 06:36:03.165207296,Handbags,30200,55100,52800.0,2021,Autumn,True
HB-1310,2025-12-19 06:32:09.281769216,Handbags,13500,21800,,2025,Autumn,False
HB-1311,2025-01-21 21:27:28.275049728,Handbags,14900,28300,36200.0,2025,Spring,True
HB-1312,2025-12-01 15:36:24.233106944,Handbags,6000,11500,10500.0,2025,Autumn,True
HB-1313,2025-11-19 20:38:09.626130432,Handbags,5800,11300,7100.0,2025,Autumn,True
HB-1314,2024-06-17 17:13:58.041839616,Handbags,10200,18900,14200.0,2024,Spring,True
HB-1315,2025-12-12 08:27:28.157149952,Handbags,11000,20800,15700.0,2025,Autumn,True
HB-1316,2023-03-22 21:44:54.349308160,Handbags,3600,6400,4300.0,2023,Spring,True
HB-1317,2021-01-08 00:53:35.147169280,Handbags,9100,14700,,2021,Spring,False
HB-1318,2021-05-02 18:19:17.020124416,Handbags,10100,16600,24200.0,2021,Spring,True
HB-1319,2021-08-02 01:29:45.814311168,Handbags,8900,17000,21700.0,2021,Autumn,True
HB-1320,2021-07-05 13:23:15.638828288,Handbags,6400,13300,14200.0,2021,Autumn,True
WD-2001,2025-03-25 17:35:14.827756288,Watches,18300,37100,36200.0,2025,Spring,True
WD-2002,2022-08-08 06:47:15.595522560,Watches,106200,195800,797600.0,2022,Autumn,True
WD-2003,2022-01-28 21:52:29.043451904,Watches,38000,79500,162500.0,2022,Spring,True
WD-2004,2022-11-14 12:40:42.535985152,Watches,41100,76100,,2022,Autumn,False
WD-2005,2023-03-09 22:59:57.022711296,Watches,90100,160800,119600.0,2023,Spring,True
WD-2006,2024-09-16 06:52:58.679727104,Watches,59500,125500,132700.0,2024,Autumn,True
WD-2007,2025-07-04 09:09:47.443193088,Watches,23700,42800,41700.0,2025,Autumn,True
WD-2008,2024-11-03 21:45:47.337964288,Watches,27100,49000,67900.0,2024,Autumn,True
WD-2009,2021-12-05 13:54:53.851632128,Watches,53800,115100,167100.0,2021,Autumn,True
WD-2010,2022-12-14 15:48:09.822640384,Watches,27500,48900,64600.0,2022,Autumn,True
WD-2011,2021-11-05 06:33:14.662313984,Watches,11200,24400,18900.0,2021,Autumn,True
WD-2012,2024-08-29 08:46:01.258173184,Watches,38700,84000,119600.0,2024,Autumn,True
WD-2013,2022-04-28 22:37:09.840870656,Watches,16500,30000,44100.0,2022,Spring,True
WD-2014,2023-10-20 09:40:16.722885632,Watches,105500,213300,482600.0,2023,Autumn,True
WD-2015,2025-03-21 21:37:15.587632384,Watches,44500,80100,302500.0,2025,Spring,True
WD-2016,2024-07-29 15:32:52.425380864,Watches,23200,48400,38900.0,2024,Autumn,True
WD-2017,2022-08-04 15:15:31.896087808,Watches,26300,46900,53700.0,2022,Autumn,True
WD-2018,2022-10-10 18:12:31.394828032,Watches,12900,28900,30500.0,2022,Autumn,True
WD-2019,2024-06-25 10:43:32.309428736,Watches,20700,38400,59800.0,2024,Spring,True
WD-2020,2023-12-06 06:20:30.354621952,Watches,73600,155200,114500.0,2023,Autumn,True
WD-2021,2021-07-07 13:57:41.179683328,Watches,152600,277400,1081500.0,2021,Autumn,True
WD-2022,2025-08-28 18:54:11.467554048,Watches,61900,115000,79100.0,2025,Autumn,True
WD-2023,2023-09-25 13:05:20.893548032,Watches,37900,75200,79200.0,2023,Autumn,True
WD-2024,2023-07-11 03:51:09.937347840,Watches,30900,63300,51400.0,2023,Autumn,True
WD-2025,2022-01-22 03:54:38.801063424,Watches,22500,51200,176200.0,2022,Spring,True
WD-2026,2023-01-04 15:07:09.556320000,Watches,137700,242800,279800.0,2023,Spring,True
WD-2027,2022-10-10 16:15:08.530431744,Watches,35700,62500,,2022,Autumn,False
WD-2028,2022-06-11 20:26:21.591116032,Watches,142300,275300,373400.0,2022,Spring,True
WD-2029,2024-01-10 04:09:23.984290304,Watches,92300,179300,214300.0,2024,Spring,True
WD-2030,2023-06-19 14:06:30.335508992,Watches,14100,31200,113300.0,2023,Spring,True
WD-2031,2025-09-27 09:05:19.301770496,Watches,26800,59800,51400.0,2025,Autumn,True
WD-2032,2026-01-06 20:31:44.774438144,Watches,26800,59200,49900.0,2026,Spring,True
WD-2033,2022-03-04 02:17:13.339207424,Watches,38100,69600,92400.0,2022,Spring,True
WD-2034,2021-07-14 19:19:26.202517760,Watches,38600,75900,116500.0,2021,Autumn,True
WD-2035,2025-03-09 06:24:18.016861952,Watches,241400,517100,557700.0,2025,Spring,True
WD-2036,2026-04-21 00:00:25.183935232,Watches,21000,40100,58300.0,2026,Spring,True
WD-2037,2025-08-08 13:34:39.584886272,Watches,45900,96300,175200.0,2025,Autumn,True
WD-2038,2021-02-16 02:45:48.486792192,Watches,57900,108500,93800.0,2021,Spring,True
WD-2039,2022-05-04 23:00:46.339901184,Watches,40000,76700,194700.0,2022,Spring,True
WD-2040,2021-03-26 08:15:27.744966656,Watches,42700,94100,78400.0,2021,Spring,True
WD-2041,2025-05-17 05:40:48.091190272,Watches,21400,40200,48800.0,2025,Spring,True
WD-2042,2024-02-06 10:01:53.114722816,Watches,42600,96200,115100.0,2024,Spring,True
WD-2043,2023-09-27 16:42:38.687997952,Watches,54400,103900,203800.0,2023,Autumn,True
WD-2044,2023-12-15 23:01:38.239556864,Watches,48700,85800,168400.0,2023,Autumn,True
WD-2045,2022-05-07 06:29:00.910196224,Watches,56300,106100,138600.0,2022,Spring,True
WD-2046,2024-03-16 18:55:06.212141312,Watches,93400,171800,157200.0,2024,Spring,True
WD-2047,2021-03-01 16:16:14.023862528,Watches,70200,141500,152700.0,2021,Spring,True
WD-2048,2024-06-11 03:19:53.602802688,Watches,41700,75500,84300.0,2024,Spring,True
WD-2049,2024-11-30 04:59:51.376819712,Watches,19800,41200,33600.0,2024,Autumn,True
WD-2050,2024-08-02 17:01:07.033429760,Watches,27900,61700,166300.0,2024,Autumn,True
WD-2051,2022-10-09 07:12:59.670914048,Watches,35100,68000,,2022,Autumn,False
WD-2052,2025-05-27 21:46:59.477220352,Watches,46500,85600,146200.0,2025,Spring,True
WD-2053,2024-10-24 10:46:00.628949504,Watches,30000,58800,91100.0,2024,Autumn,True
WD-2054,2021-09-07 15:59:53.411479808,Watches,22800,49300,44900.0,2021,Autumn,True
WD-2055,2022-01-15 18:00:56.433677312,Watches,19600,40400,120600.0,2022,Spring,True
WD-2056,2024-05-24 19:30:40.784675328,Watches,14900,26800,34900.0,2024,Spring,True
WD-2057,2022-07-18 04:53:27.965762304,Watches,34700,70600,54000.0,2022,Autumn,True
WD-2058,2021-08-21 09:59:45.950298112,Watches,16600,33100,32700.0,2021,Autumn,True
WD-2059,2021-10-29 13:40:18.681861120,Watches,21900,42200,37800.0,2021,Autumn,True
WD-2060,2021-11-19 06:59:05.279852032,Watches,31600,57100,100200.0,2021,Autumn,True
WD-2061,2023-07-19 18:44:47.443364608,Watches,17900,40600,27100.0,2023,Autumn,True
WD-2062,2024-03-27 23:19:48.781096448,Watches,50200,92600,91900.0,2024,Spring,True
WD-2063,2021-12-10 06:41:30.641282048,Watches,62400,115500,115800.0,2021,Autumn,True
WD-2064,2024-10-18 12:26:30.085454080,Watches,28800,52500,110500.0,2024,Autumn,True
WD-2065,2022-07-01 20:24:46.154704896,Watches,30800,63100,72900.0,2022,Autumn,True
WD-2066,2022-08-30 07:00:40.663985664,Watches,55200,109500,111500.0,2022,Autumn,True
WD-2067,2022-03-11 22:16:46.555122432,Watches,26100,49000,30900.0,2022,Spring,True
WD-2068,2025-03-09 00:16:02.543126784,Watches,25000,49400,57900.0,2025,Spring,True
WD-2069,2026-02-11 19:08:42.912541952,Watches,82000,172500,255200.0,2026,Spring,True
WD-2070,2023-08-17 09:42:46.557581824,Watches,68000,129000,149900.0,2023,Autumn,True
WD-2071,2021-03-23 18:59:56.678783232,Watches,57400,128000,128300.0,2021,Spring,True
WD-2072,2022-05-23 01:37:45.675607552,Watches,69700,133200,176000.0,2022,Spring,True
WD-2073,2021-11-04 13:34:50.867092480,Watches,12200,22600,15100.0,2021,Autumn,True
WD-2074,2025-06-29 00:22:11.106223104,Watches,90100,202900,252700.0,2025,Spring,True
WD-2075,2021-06-15 03:01:14.264689408,Watches,50600,110100,306400.0,2021,Spring,True
WD-2076,2026-02-24 18:18:22.842396928,Watches,73400,141600,94800.0,2026,Spring,True
WD-2077,2024-02-20 05:56:50.724515584,Watches,50500,110600,143100.0,2024,Spring,True
WD-2078,2023-10-05 12:31:08.455842304,Watches,41200,83300,142900.0,2023,Autumn,True
WD-2079,2025-07-07 22:39:48.490076416,Watches,33900,65500,81100.0,2025,Autumn,True
WD-2080,2021-02-23 14:35:02.777266176,Watches,49900,109200,152300.0,2021,Spring,True
WD-2081,2025-02-21 08:08:31.229897984,Watches,33200,71200,86400.0,2025,Spring,True
WD-2082,2021-08-15 21:52:31.239235072,Watches,67300,128400,139400.0,2021,Autumn,True
WD-2083,2025-06-25 03:42:01.198490112,Watches,15400,31900,49100.0,2025,Spring,True
WD-2084,2023-10-27 18:38:46.115826432,Watches,28900,56200,123900.0,2023,Autumn,True
WD-2085,2021-04-29 22:59:15.388172544,Watches,136400,238800,218800.0,2021,Spring,True
WD-2086,2025-06-10 11:52:34.651837440,Watches,27500,62000,55000.0,2025,Spring,True
WD-2087,2021-02-23 03:40:42.685304576,Watches,34700,70700,64100.0,2021,Spring,True
WD-2088,2021-09-27 06:27:53.427250176,Watches,23600,48600,59200.0,2021,Autumn,True
WD-2089,2025-04-02 13:35:47.618875904,Watches,48900,101000,93600.0,2025,Spring,True
WD-2090,2023-06-24 15:20:27.487172096,Watches,25700,52400,145400.0,2023,Spring,True
WD-2091,2025-09-12 04:22:40.973477376,Watches,35800,68100,70600.0,2025,Autumn,True
WD-2092,2024-05-21 13:05:19.523165184,Watches,66600,150400,107500.0,2024,Spring,True
WD-2093,2024-04-28 09:17:12.998816000,Watches,26300,54600,223700.0,2024,Spring,True
WD-2094,2022-07-23 16:32:54.228442624,Watches,64200,135000,92400.0,2022,Autumn,True
WD-2095,2021-09-18 03:24:54.619056640,Watches,65500,130300,179500.0,2021,Autumn,True
WD-2096,2026-02-14 10:35:43.239979264,Watches,75300,143200,139000.0,2026,Spring,True
WD-2097,2021-07-23 22:28:16.585511168,Watches,43500,77600,102000.0,2021,Autumn,True
WD-2098,2023-10-27 10:54:39.837009152,Watches,279700,540900,328000.0,2023,Autumn,True
WD-2099,2022-06-15 10:02:36.478851328,Watches,75300,138800,250000.0,2022,Spring,True
WD-2100,2022-05-30 00:25:31.986869760,Watches,48600,102000,360000.0,2022,Spring,True
WD-2101,2024-03-03 01:33:17.230746880,Watches,23600,52300,54600.0,2024,Spring,True
WD-2102,2025-04-02 18:42:54.031398912,Watches,37700,72000,60900.0,2025,Spring,True
WD-2103,2025-02-21 09:23:26.038147328,Watches,94100,181200,166500.0,2025,Spring,True
WD-2104,2025-08-18 16:30:50.731544576,Watches,111600,234500,1195500.0,2025,Autumn,True
WD-2105,2022-07-24 23:43:46.097253120,Watches,97100,177600,225200.0,2022,Autumn,True
WD-2106,2023-06-26 08:27:09.113835008,Watches,64100,143400,219100.0,2023,Spring,True
WD-2107,2021-01-19 03:57:42.867604992,Watches,18800,36600,34100.0,2021,Spring,True
WD-2108,2024-12-24 09:14:18.351458816,Watches,53600,96600,299400.0,2024,Autumn,True
WD-2109,2022-08-12 08:37:57.754175488,Watches,19000,35000,30300.0,2022,Autumn,True
WD-2110,2023-12-29 15:59:38.320262912,Watches,16400,36700,96400.0,2023,Autumn,True
WD-2111,2021-11-26 11:00:01.337171200,Watches,46200,86800,122700.0,2021,Autumn,True
WD-2112,2025-05-14 13:14:04.492326144,Watches,54800,114900,297100.0,2025,Spring,True
WD-2113,2025-05-10 09:52:54.225021696,Watches,68800,126000,121600.0,2025,Spring,True
WD-2114,2025-09-04 12:33:39.350239232,Watches,53900,99800,105800.0,2025,Autumn,True
WD-2115,2021-03-31 09:26:29.446340608,Watches,55000,121700,86200.0,2021,Spring,True
WD-2116,2026-04-16 07:47:29.692796160,Watches,22200,40500,,2026,Spring,False
WD-2117,2022-04-28 04:17:23.179169280,Watches,37600,66100,223500.0,2022,Spring,True
WD-2118,2022-08-26 03:47:27.143359488,Watches,16200,32600,27100.0,2022,Autumn,True
WD-2119,2022-05-01 04:58:33.225998080,Watches,12000,26500,22400.0,2022,Spring,True
WD-2120,2022-06-05 14:50:49.720237824,Watches,62400,119800,374200.0,2022,Spring,True
WD-2121,2023-12-12 11:29:45.511673088,Watches,25500,46300,65800.0,2023,Autumn,True
WD-2122,2022-04-12 16:06:41.980189440,Watches,67500,153000,217800.0,2022,Spring,True
WD-2123,2023-02-06 06:41:43.179520256,Watches,77800,163700,202300.0,2023,Spring,True
WD-2124,2024-06-29 19:26:59.375140608,Watches,27600,60600,58500.0,2024,Spring,True
WD-2125,2025-06-15 21:46:04.122819072,Watches,57000,122300,109500.0,2025,Spring,True
WD-2126,2024-09-10 01:47:56.502471680,Watches,26900,56900,253900.0,2024,Autumn,True
WD-2127,2024-03-02 13:15:14.914609664,Watches,13200,25800,32100.0,2024,Spring,True
WD-2128,2021-10-15 11:30:53.225704960,Watches,43100,82700,149400.0,2021,Autumn,True
WD-2129,2025-05-08 03:51:46.995782656,Watches,30200,64100,125900.0,2025,Spring,True
WD-2130,2021-03-14 12:53:10.927776768,Watches,30700,65300,51000.0,2021,Spring,True
WD-2131,2022-05-30 02:48:26.783069696,Watches,130900,294300,332000.0,2022,Spring,True
WD-2132,2021-04-22 00:52:46.763005184,Watches,16000,32800,112100.0,2021,Spring,True
WD-2133,2024-07-22 19:36:10.352508160,Watches,50300,95900,334600.0,2024,Autumn,True
WD-2134,2022-12-18 20:24:10.949210880,Watches,22000,44200,74300.0,2022,Autumn,True
WD-2135,2024-06-22 21:16:20.494560256,Watches,69000,142900,139200.0,2024,Spring,True
WD-2136,2022-11-07 07:44:02.123933696,Watches,47800,94400,455500.0,2022,Autumn,True
WD-2137,2023-06-06 20:54:54.328534528,Watches,50200,108800,82500.0,2023,Spring,True
WD-2138,2023-06-11 04:36:39.667684608,Watches,22700,46700,176800.0,2023,Spring,True
WD-2139,2021-03-30 16:47:55.856000512,Watches,25300,44300,55900.0,2021,Spring,True
WD-2140,2023-04-18 05:17:58.871269376,Watches,69800,143000,261200.0,2023,Spring,True
WD-2141,2024-06-01 12:16:12.053756672,Watches,115700,241000,,2024,Spring,False
WD-2142,2023-11-29 14:49:26.762545408,Watches,53400,119000,112100.0,2023,Autumn,True
WD-2143,2021-05-27 12:03:10.872940032,Watches,23300,45900,37200.0,2021,Spring,True
WD-2144,2024-07-24 00:53:12.319849984,Watches,49000,100600,101200.0,2024,Autumn,True
WD-2145,2022-08-25 01:07:33.980024576,Watches,171600,343200,671600.0,2022,Autumn,True
WD-2146,2021-01-29 02:09:46.904369152,Watches,42500,86300,120800.0,2021,Spring,True
WD-2147,2021-10-30 18:56:05.633025280,Watches,96200,171700,183900.0,2021,Autumn,True
WD-2148,2023-08-27 06:01:34.447125248,Watches,25700,57000,65500.0,2023,Autumn,True
WD-2149,2022-08-28 00:59:56.700025088,Watches,39000,86900,66800.0,2022,Autumn,True
WD-2150,2024-09-13 06:27:51.387644928,Watches,58000,118200,132500.0,2024,Autumn,True
WD-2151,2022-04-14 07:28:47.722164480,Watches,50800,103700,107500.0,2022,Spring,True
WD-2152,2025-02-12 20:40:20.108871424,Watches,25300,45000,49100.0,2025,Spring,True
WD-2153,2022-07-12 11:37:49.007367936,Watches,24600,50800,104100.0,2022,Autumn,True
WD-2154,2024-04-23 04:49:06.956481280,Watches,72400,143000,102900.0,2024,Spring,True
WD-2155,2025-04-05 06:36:06.563704064,Watches,81800,173500,1077800.0,2025,Spring,True
WD-2156,2023-01-21 07:00:48.355839488,Watches,99100,175900,226200.0,2023,Spring,True
WD-2157,2021-04-02 01:58:40.809179136,Watches,118100,250700,389000.0,2021,Spring,True
WD-2158,2023-11-08 23:26:51.415922176,Watches,43400,82400,120000.0,2023,Autumn,True
WD-2159,2026-04-22 01:35:05.317347584,Watches,33200,69400,82500.0,2026,Spring,True
WD-2160,2026-03-01 15:47:46.058162432,Watches,90000,187100,341700.0,2026,Spring,True
WD-2161,2022-03-07 02:37:13.965486336,Watches,61400,114700,98900.0,2022,Spring,True
WD-2162,2025-01-10 14:02:59.194140928,Watches,22200,44000,33500.0,2025,Spring,True
WD-2163,2022-11-03 06:37:49.271967744,Watches,21500,47100,126200.0,2022,Autumn,True
WD-2164,2021-11-08 21:21:57.292096000,Watches,53700,111100,100900.0,2021,Autumn,True
WD-2165,2024-07-19 20:52:48.636979968,Watches,36000,64200,126500.0,2024,Autumn,True
WD-2166,2023-09-02 16:34:23.317745664,Watches,39400,78100,213900.0,2023,Autumn,True
WD-2167,2023-11-16 08:13:26.273102592,Watches,76100,145700,127000.0,2023,Autumn,True
WD-2168,2025-05-30 02:32:48.829369856,Watches,63100,131600,119200.0,2025,Spring,True
WD-2169,2022-10-17 21:56:09.019126272,Watches,88800,184100,272700.0,2022,Autumn,True
WD-2170,2024-07-22 03:59:37.141035776,Watches,12600,22000,97900.0,2024,Autumn,True
WD-2171,2022-12-14 14:36:22.582880768,Watches,46600,96400,106000.0,2022,Autumn,True
WD-2172,2021-03-25 03:22:36.717212416,Watches,60700,129600,112100.0,2021,Spring,True
WD-2173,2023-01-06 14:49:03.262932736,Watches,16000,34500,43600.0,2023,Spring,True
WD-2174,2026-01-23 18:24:34.450149376,Watches,27000,48100,68600.0,2026,Spring,True
WD-2175,2023-07-30 10:17:27.468446720,Watches,24200,46100,306600.0,2023,Autumn,True
WD-2176,2021-07-30 14:47:39.559304704,Watches,40500,79900,58100.0,2021,Autumn,True
WD-2177,2024-08-31 12:15:51.261074176,Watches,106200,195900,273200.0,2024,Autumn,True
WD-2178,2026-02-18 17:40:08.937313792,Watches,134600,265300,1007400.0,2026,Spring,True
WD-2179,2025-11-02 20:40:29.260570624,Watches,24500,43900,62200.0,2025,Autumn,True
WD-2180,2024-01-19 00:51:32.288368640,Watches,54900,99300,94200.0,2024,Spring,True
WP-3001,2022-01-15 16:53:13.451678720,Watches,153000,317000,,2022,Spring,False
WP-3002,2025-04-14 22:01:04.807043328,Watches,31500,72300,46200.0,2025,Spring,True
WP-3003,2022-11-21 04:54:08.313174016,Watches,11700,24500,29000.0,2022,Autumn,True
WP-3004,2023-07-30 16:40:05.514521088,Watches,39700,88000,61800.0,2023,Autumn,True
WP-3005,2022-03-10 14:34:37.343017984,Watches,15200,29700,21200.0,2022,Spring,True
WP-3006,2024-08-28 03:11:50.596345600,Watches,41200,91800,111400.0,2024,Autumn,True
WP-3007,2025-02-28 21:23:03.358781952,Watches,22300,43200,31500.0,2025,Spring,True
WP-3008,2022-10-23 12:31:00.577620736,Watches,19600,35500,30800.0,2022,Autumn,True
WP-3009,2026-01-14 02:59:15.411789568,Watches,60600,114300,113100.0,2026,Spring,True
WP-3010,2021-03-01 13:38:16.472044544,Watches,34100,61800,60200.0,2021,Spring,True
WP-3011,2021-09-16 16:58:28.903118848,Watches,42700,98700,135100.0,2021,Autumn,True
WP-3012,2024-02-20 18:42:34.279204096,Watches,31800,74300,88100.0,2024,Spring,True
WP-3013,2024-09-26 22:30:21.906387200,Watches,19600,43300,61700.0,2024,Autumn,True
WP-3014,2022-05-03 19:53:54.031311872,Watches,35000,65000,,2022,Spring,False
WP-3015,2023-12-15 05:20:11.433168640,Watches,48600,111100,77800.0,2023,Autumn,True
WP-3016,2022-09-12 13:54:40.614795008,Watches,26900,59300,60400.0,2022,Autumn,True
WP-3017,2023-12-15 06:11:02.859038720,Watches,67300,133300,264400.0,2023,Autumn,True
WP-3018,2024-07-07 01:14:23.504285952,Watches,39900,82700,119400.0,2024,Autumn,True
WP-3019,2026-03-09 02:01:38.402001408,Watches,28100,60600,67400.0,2026,Spring,True
WP-3020,2023-06-06 18:51:58.141545728,Watches,28700,52000,55600.0,2023,Spring,True
WP-3021,2024-06-15 10:16:55.001404416,Watches,27000,55800,58500.0,2024,Spring,True
WP-3022,2024-01-30 20:44:42.125468928,Watches,12600,27600,30700.0,2024,Spring,True
WP-3023,2022-09-10 23:05:01.550850816,Watches,23800,45200,46000.0,2022,Autumn,True
WP-3024,2022-05-08 11:06:25.944517120,Watches,28200,57600,76800.0,2022,Spring,True
WP-3025,2026-04-07 09:30:51.078116096,Watches,19900,41500,32500.0,2026,Spring,True
WP-3026,2022-02-07 12:49:57.723267328,Watches,30100,66100,74600.0,2022,Spring,True
WP-3027,2025-03-18 21:00:57.864366592,Watches,25300,58700,46800.0,2025,Spring,True
WP-3028,2021-10-13 06:13:03.036840960,Watches,38300,86400,176700.0,2021,Autumn,True
WP-3029,2025-04-15 06:25:18.063292160,Watches,36000,76900,54200.0,2025,Spring,True
WP-3030,2021-12-28 10:15:40.324981760,Watches,27400,58000,43300.0,2021,Autumn,True
WP-3031,2026-02-26 02:05:02.047671808,Watches,11800,25100,26500.0,2026,Spring,True
WP-3032,2024-08-27 22:22:03.045562624,Watches,66900,140200,108300.0,2024,Autumn,True
WP-3033,2021-06-25 08:52:56.829489408,Watches,23100,42400,41600.0,2021,Spring,True
WP-3034,2024-09-10 22:08:39.073969152,Watches,23900,52100,40300.0,2024,Autumn,True
WP-3035,2024-03-20 15:30:14.777818624,Watches,20700,45300,33000.0,2024,Spring,True
WP-3036,2022-10-19 20:45:35.660140800,Watches,19100,39700,46200.0,2022,Autumn,True
WP-3037,2022-05-23 09:24:50.541226496,Watches,58400,132700,167300.0,2022,Spring,True
WP-3038,2024-10-30 17:00:12.782756608,Watches,53600,115900,162000.0,2024,Autumn,True
WP-3039,2024-12-13 16:32:29.624101888,Watches,31900,63700,144400.0,2024,Autumn,True
WP-3040,2022-09-29 17:49:19.090125312,Watches,23600,42700,82200.0,2022,Autumn,True
WP-3041,2025-09-02 03:18:39.544733440,Watches,35100,64400,53300.0,2025,Autumn,True
WP-3042,2022-06-08 03:18:23.151485184,Watches,26000,51800,103500.0,2022,Spring,True
WP-3043,2021-05-16 22:56:53.342619392,Watches,22500,46100,56800.0,2021,Spring,True
WP-3044,2024-03-13 08:13:40.169378048,Watches,30100,56900,83600.0,2024,Spring,True
WP-3045,2021-07-28 08:37:26.520700160,Watches,19600,37300,,2021,Autumn,False
WP-3046,2022-06-23 09:19:06.447006976,Watches,28700,55300,61600.0,2022,Spring,True
WP-3047,2023-09-14 23:37:59.883363328,Watches,28000,62100,63200.0,2023,Autumn,True
WP-3048,2022-07-12 06:08:23.289270784,Watches,34800,77200,134800.0,2022,Autumn,True
WP-3049,2022-02-23 09:11:21.034988800,Watches,17800,35700,58800.0,2022,Spring,True
WP-3050,2024-09-30 09:34:17.823913216,Watches,36900,69900,54400.0,2024,Autumn,True
WP-3051,2023-12-01 11:03:26.067070208,Watches,15200,28200,,2023,Autumn,False
WP-3052,2025-06-23 04:12:33.617811968,Watches,18200,33700,38000.0,2025,Spring,True
WP-3053,2024-02-06 02:12:50.503641856,Watches,18700,37600,35900.0,2024,Spring,True
WP-3054,2023-07-30 18:55:06.883257088,Watches,13900,25300,32800.0,2023,Autumn,True
WP-3055,2022-05-24 09:42:59.924268800,Watches,43700,86500,106900.0,2022,Spring,True
WP-3056,2025-03-22 08:38:40.668950272,Watches,14700,34000,26100.0,2025,Spring,True
WP-3057,2022-01-19 02:39:48.902364672,Watches,17000,35300,40500.0,2022,Spring,True
WP-3058,2022-04-17 09:02:08.541925632,Watches,49900,111900,97600.0,2022,Spring,True
WP-3059,2025-06-26 17:33:13.761919488,Watches,18300,34200,45100.0,2025,Spring,True
WP-3060,2024-12-13 08:39:20.597965568,Watches,22500,43800,50300.0,2024,Autumn,True
WP-3061,2024-04-07 15:38:36.345478400,Watches,14300,33100,59400.0,2024,Spring,True
WP-3062,2021-03-17 17:44:40.091482112,Watches,39500,79300,47300.0,2021,Spring,True
WP-3063,2021-09-05 15:26:23.295731456,Watches,39800,85600,106000.0,2021,Autumn,True
WP-3064,2023-08-31 22:00:47.594167552,Watches,37500,87300,163000.0,2023,Autumn,True
WP-3065,2024-12-23 09:00:47.096441856,Watches,33600,70500,60400.0,2024,Autumn,True
WP-3066,2023-06-23 03:22:00.340373760,Watches,26000,51200,95300.0,2023,Spring,True
WP-3067,2021-02-03 15:39:12.284164864,Watches,18700,39100,35100.0,2021,Spring,True
WP-3068,2021-12-25 14:08:45.663846912,Watches,16000,29200,31400.0,2021,Autumn,True
WP-3069,2024-02-20 17:45:35.780625664,Watches,50800,94600,153000.0,2024,Spring,True
WP-3070,2024-09-12 22:42:48.800404480,Watches,38100,68700,63600.0,2024,Autumn,True
WP-3071,2021-03-07 01:14:09.300828416,Watches,17100,38900,32000.0,2021,Spring,True
WP-3072,2021-03-26 07:45:58.369029120,Watches,25600,55300,64000.0,2021,Spring,True
WP-3073,2022-05-24 12:13:39.476186368,Watches,21200,41600,59200.0,2022,Spring,True
WP-3074,2021-06-12 11:51:47.452802816,Watches,13400,25800,33400.0,2021,Spring,True
WP-3075,2023-11-21 15:03:24.582092032,Watches,27600,59800,76800.0,2023,Autumn,True
WP-3076,2021-08-29 17:22:38.515097344,Watches,19900,45700,,2021,Autumn,False
WP-3077,2024-06-15 10:26:08.942049792,Watches,14800,29000,35400.0,2024,Spring,True
WP-3078,2025-02-21 11:31:52.726589440,Watches,11100,21900,13800.0,2025,Spring,True
WP-3079,2026-03-04 15:00:36.949962240,Watches,10600,23900,44300.0,2026,Spring,True
WP-3080,2026-01-20 14:23:55.450780160,Watches,20400,46500,50700.0,2026,Spring,True
WP-3081,2022-06-16 23:14:45.515718400,Watches,23900,54700,57400.0,2022,Spring,True
WP-3082,2021-02-27 05:32:45.891285504,Watches,15400,30300,50100.0,2021,Spring,True
WP-3083,2022-10-04 00:52:05.308622336,Watches,35800,66700,,2022,Autumn,False
WP-3084,2024-10-10 16:51:19.671680768,Watches,24100,49100,57000.0,2024,Autumn,True
WP-3085,2021-04-27 08:57:20.440312832,Watches,34300,67300,62400.0,2021,Spring,True
WP-3086,2022-12-02 00:01:11.869991168,Watches,22600,51500,38200.0,2022,Autumn,True
WP-3087,2022-08-03 23:24:19.831070720,Watches,16200,29500,32300.0,2022,Autumn,True
WP-3088,2022-03-03 20:19:06.871042048,Watches,26600,57000,96600.0,2022,Spring,True
WP-3089,2024-10-06 03:07:50.768128768,Watches,12500,28600,43400.0,2024,Autumn,True
WP-3090,2024-07-06 14:27:59.481570048,Watches,33600,78300,46600.0,2024,Autumn,True
WP-3091,2023-11-09 01:42:58.204007936,Watches,14900,32100,38500.0,2023,Autumn,True
WP-3092,2025-11-08 08:49:07.578081536,Watches,41400,95800,139800.0,2025,Autumn,True
WP-3093,2021-07-20 16:59:49.120492800,Watches,20800,38200,42900.0,2021,Autumn,True
WP-3094,2021-10-19 07:05:07.944095744,Watches,44800,89400,177400.0,2021,Autumn,True
WP-3095,2023-01-17 04:38:01.745748480,Watches,13500,24300,18100.0,2023,Spring,True
WP-3096,2024-06-30 08:18:55.260737792,Watches,17200,40100,37100.0,2024,Spring,True
WP-3097,2024-02-11 14:50:21.354107136,Watches,30800,70500,66100.0,2024,Spring,True
WP-3098,2021-05-25 02:05:22.831808256,Watches,47600,86400,41600.0,2021,Spring,True
WP-3099,2026-02-09 02:16:19.323030016,Watches,62500,113200,163000.0,2026,Spring,True
WP-3100,2022-08-17 15:44:49.876846080,Watches,25600,51100,60900.0,2022,Autumn,True
WP-3101,2022-11-30 13:27:25.034852096,Watches,68700,133200,117000.0,2022,Autumn,True
WP-3102,2024-04-28 14:00:22.084286464,Watches,21300,48100,36400.0,2024,Spring,True
WP-3103,2026-01-14 07:00:37.178781952,Watches,45800,86300,101100.0,2026,Spring,True
WP-3104,2024-07-13 14:11:29.468685056,Watches,14900,33200,52900.0,2024,Autumn,True
WP-3105,2026-02-01 23:44:00.899505408,Watches,31500,66100,106800.0,2026,Spring,True
WP-3106,2022-01-01 01:15:20.208209920,Watches,6900,13800,11700.0,2022,Spring,True
WP-3107,2024-04-19 04:53:56.121906944,Watches,13500,25300,32100.0,2024,Spring,True
WP-3108,2025-06-01 23:57:35.158284032,Watches,32300,75600,68800.0,2025,Spring,True
WP-3109,2023-09-18 13:28:43.555347712,Watches,12100,25900,23000.0,2023,Autumn,True
WP-3110,2022-12-06 18:57:33.681360640,Watches,31600,64400,95000.0,2022,Autumn,True
WP-3111,2026-04-01 08:09:44.591791616,Watches,41200,82300,118000.0,2026,Spring,True
WP-3112,2021-10-02 08:40:21.885188352,Watches,19000,43400,30300.0,2021,Autumn,True
WP-3113,2023-03-11 16:03:09.553314048,Watches,14700,32900,23800.0,2023,Spring,True
WP-3114,2025-08-27 14:02:51.862535168,Watches,19300,43100,28000.0,2025,Autumn,True
WP-3115,2025-10-19 08:03:10.025325056,Watches,14700,31300,42600.0,2025,Autumn,True
WP-3116,2026-03-23 19:45:56.416491776,Watches,23600,53900,33000.0,2026,Spring,True
WP-3117,2025-09-18 21:55:19.016816384,Watches,26400,51900,45300.0,2025,Autumn,True
WP-3118,2021-04-10 03:53:48.889297408,Watches,21100,46100,,2021,Spring,False
WP-3119,2025-12-15 07:48:52.554968064,Watches,62800,126700,71500.0,2025,Autumn,True
WP-3120,2023-04-14 05:07:13.826864896,Watches,16800,35700,31100.0,2023,Spring,True
WP-3121,2024-06-22 01:13:21.111500032,Watches,53700,125700,89300.0,2024,Spring,True
WP-3122,2023-02-07 06:15:36.696892160,Watches,14100,32900,41000.0,2023,Spring,True
WP-3123,2025-05-03 09:33:13.860572928,Watches,26000,54000,51200.0,2025,Spring,True
WP-3124,2024-01-26 17:44:01.972962560,Watches,47900,101100,94200.0,2024,Spring,True
WP-3125,2025-07-04 10:19:01.149031936,Watches,46600,106400,92900.0,2025,Autumn,True
WP-3126,2022-01-13 01:54:10.101261312,Watches,19800,46300,,2022,Spring,False
WP-3127,2021-12-26 23:27:01.646758656,Watches,33900,75300,109200.0,2021,Autumn,True
WP-3128,2023-05-07 23:21:29.308377088,Watches,31500,57800,44800.0,2023,Spring,True
WP-3129,2021-01-10 05:54:58.161339648,Watches,18600,36700,39800.0,2021,Spring,True
WP-3130,2024-09-10 07:00:15.859709440,Watches,35100,80100,128100.0,2024,Autumn,True
WP-3131,2022-07-31 02:53:35.892763136,Watches,69600,154200,,2022,Autumn,False
WP-3132,2023-12-21 12:06:31.196158720,Watches,32400,71300,59800.0,2023,Autumn,True
WP-3133,2021-05-17 05:26:46.635948288,Watches,34100,73800,93800.0,2021,Spring,True
WP-3134,2021-11-29 01:46:26.978193664,Watches,36200,73200,79800.0,2021,Autumn,True
WP-3135,2024-04-27 02:00:52.836135680,Watches,11200,22600,26900.0,2024,Spring,True
WP-3136,2022-08-18 19:40:02.411738880,Watches,32200,72000,54100.0,2022,Autumn,True
WP-3137,2022-02-22 20:22:24.983470080,Watches,14300,28000,36000.0,2022,Spring,True
WP-3138,2022-03-22 08:02:49.105413632,Watches,18100,39200,48500.0,2022,Spring,True
WP-3139,2022-02-23 00:55:24.996502272,Watches,82100,180000,140400.0,2022,Spring,True
WP-3140,2024-04-27 01:37:50.671935488,Watches,21700,49100,27600.0,2024,Spring,True
WP-3141,2021-11-23 07:51:01.730093568,Watches,16600,32800,32000.0,2021,Autumn,True
WP-3142,2022-12-07 19:50:16.076895232,Watches,47100,103700,94700.0,2022,Autumn,True
WP-3143,2024-08-31 15:04:05.414435840,Watches,14800,27600,74100.0,2024,Autumn,True
WP-3144,2023-09-27 14:29:35.024512768,Watches,19500,36600,29000.0,2023,Autumn,True
WP-3145,2024-03-08 07:24:20.839313408,Watches,49700,100600,114500.0,2024,Spring,True
WP-3146,2022-05-04 06:21:34.447949568,Watches,25600,46800,50400.0,2022,Spring,True
WP-3147,2025-12-21 01:30:55.570707968,Watches,10600,24500,33200.0,2025,Autumn,True
WP-3148,2023-03-17 09:48:59.088118016,Watches,33700,77100,81300.0,2023,Spring,True
WP-3149,2022-07-13 10:21:49.303952896,Watches,20100,36700,44600.0,2022,Autumn,True
WP-3150,2025-10-26 19:39:00.360960768,Watches,58300,131400,106900.0,2025,Autumn,True
WP-3151,2024-06-29 04:38:46.288708608,Watches,17900,37200,22500.0,2024,Spring,True
WP-3152,2024-04-09 17:43:39.331265536,Watches,44600,97100,63600.0,2024,Spring,True
WP-3153,2025-09-22 14:03:18.701167360,Watches,66400,151300,168000.0,2025,Autumn,True
WP-3154,2021-04-24 22:03:55.908067328,Watches,15700,33100,41900.0,2021,Spring,True
WP-3155,2025-06-19 02:59:02.143687424,Watches,22500,41900,60000.0,2025,Spring,True
WP-3156,2024-08-12 02:58:38.173819648,Watches,31000,55800,52800.0,2024,Autumn,True
WP-3157,2022-12-02 13:06:12.554680064,Watches,15600,32300,37200.0,2022,Autumn,True
WP-3158,2022-05-14 20:37:59.164442880,Watches,29000,67100,81800.0,2022,Spring,True
WP-3159,2021-07-23 22:51:17.093045760,Watches,22100,46600,46200.0,2021,Autumn,True
WP-3160,2026-01-06 07:55:40.969925120,Watches,21800,43700,27900.0,2026,Spring,True
WN-4001,2024-03-28 08:51:27.615950848,Wine,21100,43800,44800.0,2024,Spring,True
WN-4002,2026-02-10 03:22:09.017075968,Wine,19000,39900,24700.0,2026,Spring,True
WN-4003,2025-06-08 03:05:39.457444352,Wine,7100,12900,13000.0,2025,Spring,True
WN-4004,2025-05-04 12:24:06.652604928,Wine,11200,21600,13200.0,2025,Spring,True
WN-4005,2022-10-23 16:07:07.261987840,Wine,13300,27300,39100.0,2022,Autumn,True
WN-4006,2022-10-14 15:27:35.742142208,Wine,9300,16200,13200.0,2022,Autumn,True
WN-4007,2022-07-22 17:19:46.830323456,Wine,39000,79100,72600.0,2022,Autumn,True
WN-4008,2022-11-06 16:04:43.888804352,Wine,13500,23100,29500.0,2022,Autumn,True
WN-4009,2022-12-21 01:32:13.885981696,Wine,11600,24700,,2022,Autumn,False
WN-4010,2021-09-30 10:43:56.244538624,Wine,21800,43200,,2021,Autumn,False
WN-4011,2022-11-24 16:11:20.326698752,Wine,10000,19100,10200.0,2022,Autumn,True
WN-4012,2023-05-20 08:52:24.722651136,Wine,19900,37900,30700.0,2023,Spring,True
WN-4013,2022-08-25 23:45:29.191766272,Wine,5200,9200,,2022,Autumn,False
WN-4014,2021-11-18 18:21:53.282988288,Wine,9600,17600,27100.0,2021,Autumn,True
WN-4015,2022-12-28 15:45:33.251502848,Wine,20300,41200,,2022,Autumn,False
WN-4016,2023-07-25 20:18:59.905081600,Wine,26300,51000,57200.0,2023,Autumn,True
WN-4017,2024-11-03 12:53:54.855245568,Wine,8200,15700,,2024,Autumn,False
WN-4018,2024-10-16 01:38:54.282886912,Wine,7700,13600,19500.0,2024,Autumn,True
WN-4019,2022-01-30 10:40:07.434176000,Wine,15900,32100,27600.0,2022,Spring,True
WN-4020,2021-03-13 07:57:12.873374464,Wine,8800,16400,9300.0,2021,Spring,True
WN-4021,2022-08-15 04:39:10.319318528,Wine,10500,18400,11800.0,2022,Autumn,True
WN-4022,2021-11-02 18:53:38.335676672,Wine,18600,39800,29500.0,2021,Autumn,True
WN-4023,2023-02-10 04:54:18.479843072,Wine,9100,17600,18000.0,2023,Spring,True
WN-4024,2026-03-21 19:22:52.136051712,Wine,4500,8700,,2026,Spring,False
WN-4025,2021-12-19 08:45:26.304326656,Wine,6300,13500,12000.0,2021,Autumn,True
WN-4026,2022-09-13 12:41:19.153054720,Wine,12100,22300,33100.0,2022,Autumn,True
WN-4027,2024-11-12 01:44:20.505801472,Wine,4700,10100,8000.0,2024,Autumn,True
WN-4028,2023-09-18 20:52:21.686819584,Wine,10300,20800,22700.0,2023,Autumn,True
WN-4029,2021-03-27 11:37:12.062824960,Wine,6000,11900,7900.0,2021,Spring,True
WN-4030,2021-11-11 15:34:14.189542912,Wine,27200,48600,,2021,Autumn,False
WN-4031,2025-12-25 23:53:42.742058496,Wine,35400,60000,68900.0,2025,Autumn,True
WN-4032,2021-07-20 18:13:04.155180800,Wine,7100,13300,12700.0,2021,Autumn,True
WN-4033,2024-05-20 21:22:24.721831424,Wine,13600,22800,,2024,Spring,False
WN-4034,2025-03-22 20:46:37.572477440,Wine,7400,12600,,2025,Spring,False
WN-4035,2022-06-01 13:03:57.547817472,Wine,10300,20200,21000.0,2022,Spring,True
WN-4036,2024-11-12 00:02:35.010921728,Wine,29600,60000,37500.0,2024,Autumn,True
WN-4037,2021-11-27 14:47:03.989132032,Wine,9500,16600,16500.0,2021,Autumn,True
WN-4038,2022-07-09 02:58:36.609014528,Wine,10400,21100,37800.0,2022,Autumn,True
WN-4039,2022-08-30 19:20:10.069497600,Wine,7500,16000,18400.0,2022,Autumn,True
WN-4040,2026-04-24 01:29:59.277521408,Wine,21300,43400,34800.0,2026,Spring,True
WN-4041,2022-02-22 13:23:04.113094144,Wine,2300,4800,3700.0,2022,Spring,True
WN-4042,2021-09-09 10:30:19.541689088,Wine,9600,19400,,2021,Autumn,False
WN-4043,2025-12-07 09:29:34.426074368,Wine,11700,20900,39300.0,2025,Autumn,True
WN-4044,2021-11-12 02:48:40.047068672,Wine,8600,15900,11600.0,2021,Autumn,True
WN-4045,2025-09-08 01:53:21.718938368,Wine,18500,39600,27000.0,2025,Autumn,True
WN-4046,2024-06-19 18:55:34.815399680,Wine,21900,43700,50500.0,2024,Spring,True
WN-4047,2024-01-28 13:44:21.861187840,Wine,5900,12200,14900.0,2024,Spring,True
WN-4048,2025-01-02 02:31:23.462656768,Wine,34200,73500,63200.0,2025,Spring,True
WN-4049,2024-11-13 19:03:19.060713216,Wine,5900,10500,9100.0,2024,Autumn,True
WN-4050,2021-08-04 02:00:54.542134528,Wine,22900,41800,48000.0,2021,Autumn,True
WN-4051,2026-04-29 23:03:54.793562368,Wine,12900,25700,24200.0,2026,Spring,True
WN-4052,2026-01-07 22:01:04.022621184,Wine,9300,15700,,2026,Spring,False
WN-4053,2025-10-11 18:25:51.720610560,Wine,9800,19100,22300.0,2025,Autumn,True
WN-4054,2024-04-25 23:23:30.161926144,Wine,11800,24400,26700.0,2024,Spring,True
WN-4055,2023-10-15 08:26:46.818759936,Wine,13300,26300,35200.0,2023,Autumn,True
WN-4056,2023-11-10 14:21:17.933794048,Wine,7600,13700,12600.0,2023,Autumn,True
WN-4057,2021-01-30 01:36:54.155647232,Wine,10700,21700,24900.0,2021,Spring,True
WN-4058,2023-08-30 23:13:25.027895808,Wine,8200,14200,16000.0,2023,Autumn,True
WN-4059,2024-04-28 20:32:01.996760064,Wine,6500,13800,14200.0,2024,Spring,True
WN-4060,2024-07-05 20:12:53.188650752,Wine,8000,13700,13700.0,2024,Autumn,True
WN-4061,2022-10-09 08:14:29.672723456,Wine,6800,14200,16100.0,2022,Autumn,True
WN-4062,2023-07-07 02:46:15.197195776,Wine,9700,18600,22600.0,2023,Autumn,True
WN-4063,2024-05-23 06:15:02.064847872,Wine,14900,28000,23500.0,2024,Spring,True
WN-4064,2023-04-14 11:34:49.986811392,Wine,12700,24400,42600.0,2023,Spring,True
WN-4065,2026-02-16 07:33:44.399975680,Wine,32200,56900,78400.0,2026,Spring,True
WN-4066,2024-10-04 18:58:05.874700032,Wine,4000,7500,,2024,Autumn,False
WN-4067,2021-01-03 11:29:20.561645824,Wine,15200,31700,32700.0,2021,Spring,True
WN-4068,2021-02-15 07:14:41.651329792,Wine,12000,24900,50300.0,2021,Spring,True
WN-4069,2024-09-05 07:46:50.530033152,Wine,18000,31500,32800.0,2024,Autumn,True
WN-4070,2023-03-15 00:10:35.888754688,Wine,17200,34400,55900.0,2023,Spring,True
WN-4071,2025-06-22 14:39:04.363234816,Wine,11000,23200,14500.0,2025,Spring,True
WN-4072,2021-12-03 16:30:42.064727040,Wine,13100,27200,20900.0,2021,Autumn,True
WN-4073,2021-01-27 21:46:19.898033664,Wine,8300,15500,16300.0,2021,Spring,True
WN-4074,2023-01-26 04:59:53.086958848,Wine,16300,27600,49700.0,2023,Spring,True
WN-4075,2024-12-03 09:08:16.539270400,Wine,4700,10000,6100.0,2024,Autumn,True
WN-4076,2026-03-06 23:34:19.414797568,Wine,17700,33000,25300.0,2026,Spring,True
WN-4077,2025-09-16 14:10:14.812361984,Wine,11900,21900,18100.0,2025,Autumn,True
WN-4078,2023-08-01 00:13:14.433283584,Wine,9400,19200,19000.0,2023,Autumn,True
WN-4079,2025-05-01 17:49:06.219851264,Wine,10700,19200,,2025,Spring,False
WN-4080,2021-05-17 20:42:49.335296512,Wine,11100,23100,44500.0,2021,Spring,True
WN-4081,2024-01-19 15:24:27.797775872,Wine,23000,39100,,2024,Spring,False
WN-4082,2025-12-04 16:25:59.093140224,Wine,60400,123100,75300.0,2025,Autumn,True
WN-4083,2023-02-11 08:46:18.942267136,Wine,22100,47500,,2023,Spring,False
WN-4084,2026-02-12 08:32:23.308030208,Wine,9000,19600,21000.0,2026,Spring,True
WN-4085,2022-03-06 10:52:36.327490048,Wine,16400,35000,24300.0,2022,Spring,True
WN-4086,2021-07-25 13:31:17.185611520,Wine,16800,35300,30100.0,2021,Autumn,True
WN-4087,2023-10-19 04:30:00.519695104,Wine,7600,13600,,2023,Autumn,False
WN-4088,2025-11-01 12:03:28.472440064,Wine,6400,13700,10100.0,2025,Autumn,True
WN-4089,2022-08-29 17:59:04.676116224,Wine,11600,24800,31500.0,2022,Autumn,True
WN-4090,2025-04-07 02:41:15.205951232,Wine,18000,34800,43700.0,2025,Spring,True
WN-4091,2021-11-26 06:11:20.780421632,Wine,5400,10000,9500.0,2021,Autumn,True
WN-4092,2024-12-21 21:07:11.189380352,Wine,8400,14400,17100.0,2024,Autumn,True
WN-4093,2023-12-20 23:23:10.574010880,Wine,16000,31300,40100.0,2023,Autumn,True
WN-4094,2021-12-07 13:59:34.147747584,Wine,12300,24700,33900.0,2021,Autumn,True
WN-4095,2024-10-29 09:32:48.831842560,Wine,24400,45500,40000.0,2024,Autumn,True
WN-4096,2024-10-20 23:15:55.882328320,Wine,5900,11100,11900.0,2024,Autumn,True
WN-4097,2023-10-01 00:53:12.990894848,Wine,38900,76000,58400.0,2023,Autumn,True
WN-4098,2022-03-15 18:14:25.974468608,Wine,5600,9300,10900.0,2022,Spring,True
WN-4099,2021-09-15 10:39:14.196277248,Wine,4400,9300,10300.0,2021,Autumn,True
WN-4100,2026-02-06 19:38:23.219757568,Wine,11700,21100,27900.0,2026,Spring,True
WN-4101,2024-06-30 05:04:07.632680192,Wine,6800,11800,8600.0,2024,Spring,True
WN-4102,2025-04-24 18:48:51.295720704,Wine,11800,19600,15700.0,2025,Spring,True
WN-4103,2024-09-18 07:18:41.719544832,Wine,11600,24200,36600.0,2024,Autumn,True
WN-4104,2025-06-03 03:44:17.012906496,Wine,10900,22800,13800.0,2025,Spring,True
WN-4105,2021-11-13 04:58:16.483993344,Wine,7900,13500,,2021,Autumn,False
WN-4106,2023-08-26 01:33:47.834082560,Wine,14900,26000,31800.0,2023,Autumn,True
WN-4107,2024-07-22 05:23:43.013540864,Wine,10200,19400,15000.0,2024,Autumn,True
WN-4108,2021-07-21 04:43:18.784942592,Wine,20800,36700,37400.0,2021,Autumn,True
WN-4109,2021-10-19 19:35:21.701162240,Wine,11000,22300,,2021,Autumn,False
WN-4110,2024-05-18 17:31:23.094826240,Wine,7400,12600,11300.0,2024,Spring,True
WN-4111,2025-08-18 12:02:09.174733568,Wine,5200,10000,8400.0,2025,Autumn,True
WN-4112,2024-07-09 04:04:37.996638208,Wine,11000,20500,19500.0,2024,Autumn,True
WN-4113,2021-03-12 10:54:34.587549184,Wine,6400,12100,12300.0,2021,Spring,True
WN-4114,2026-03-04 11:05:56.255231232,Wine,6100,11500,9000.0,2026,Spring,True
WN-4115,2021-09-29 11:31:49.079730944,Wine,15600,27200,31700.0,2021,Autumn,True
WN-4116,2022-03-29 13:35:11.601007616,Wine,4900,8800,11600.0,2022,Spring,True
WN-4117,2026-03-13 06:52:18.962681600,Wine,24300,41300,31900.0,2026,Spring,True
WN-4118,2025-02-09 10:19:30.272517120,Wine,13000,22400,20500.0,2025,Spring,True
WN-4119,2025-12-28 13:52:38.209432064,Wine,11700,25300,17300.0,2025,Autumn,True
WN-4120,2025-04-19 16:21:58.078462464,Wine,7200,12900,8900.0,2025,Spring,True
WN-4121,2024-06-22 06:36:24.913978112,Wine,17600,32000,20100.0,2024,Spring,True
WN-4122,2022-07-08 17:45:47.732032256,Wine,12000,20700,16400.0,2022,Autumn,True
WN-4123,2022-09-29 02:40:15.071284736,Wine,8500,17400,14400.0,2022,Autumn,True
WN-4124,2026-01-18 09:20:53.503671296,Wine,13300,28200,21500.0,2026,Spring,True
WN-4125,2025-08-02 18:39:31.596959488,Wine,5200,10700,9900.0,2025,Autumn,True
WN-4126,2022-12-01 13:38:30.854581504,Wine,5300,10500,5500.0,2022,Autumn,True
WN-4127,2022-12-28 09:04:53.301206528,Wine,6900,14200,14800.0,2022,Autumn,True
WN-4128,2022-08-03 07:31:07.692401664,Wine,14300,26700,17800.0,2022,Autumn,True
WN-4129,2022-09-27 15:34:55.852169472,Wine,12000,25100,18500.0,2022,Autumn,True
WN-4130,2025-08-02 20:36:48.043985152,Wine,20300,41900,41800.0,2025,Autumn,True
WN-4131,2021-01-21 10:42:44.028620032,Wine,7600,12600,9200.0,2021,Spring,True
WN-4132,2023-04-29 13:24:05.818677248,Wine,16000,30600,26300.0,2023,Spring,True
WN-4133,2026-01-09 18:23:03.645482752,Wine,11300,20400,33300.0,2026,Spring,True
WN-4134,2023-11-22 23:17:17.996848384,Wine,7500,12800,12900.0,2023,Autumn,True
WN-4135,2023-05-27 13:37:12.658371072,Wine,14500,30400,27400.0,2023,Spring,True
WN-4136,2022-08-31 20:55:09.691282432,Wine,11600,19400,16000.0,2022,Autumn,True
WN-4137,2021-05-24 20:00:55.674253312,Wine,8800,17800,12800.0,2021,Spring,True
WN-4138,2022-03-13 20:24:59.291269120,Wine,12300,26500,20100.0,2022,Spring,True
WN-4139,2021-06-26 00:46:10.479689984,Wine,11200,21500,22100.0,2021,Spring,True
WN-4140,2021-09-04 13:22:12.595545600,Wine,11100,20600,,2021,Autumn,False
WN-4141,2021-11-15 04:52:36.036743936,Wine,9800,19200,19300.0,2021,Autumn,True
WN-4142,2022-08-11 17:58:57.345830912,Wine,6200,12900,11400.0,2022,Autumn,True
WN-4143,2021-01-22 10:31:22.881041408,Wine,12500,22300,19400.0,2021,Spring,True
WN-4144,2026-01-23 23:31:12.117889280,Wine,8000,14400,,2026,Spring,False
WN-4145,2021-08-29 22:50:48.855787520,Wine,7200,14200,13700.0,2021,Autumn,True
WN-4146,2023-01-16 14:35:05.764855808,Wine,10600,22700,18200.0,2023,Spring,True
WN-4147,2025-09-08 13:27:18.536108800,Wine,17300,31500,52500.0,2025,Autumn,True
WN-4148,2021-07-27 09:09:01.727241728,Wine,13200,24400,19300.0,2021,Autumn,True
WN-4149,2023-07-31 02:15:10.706128128,Wine,9200,19900,11500.0,2023,Autumn,True
WN-4150,2025-07-02 22:46:23.302464000,Wine,9000,15800,6900.0,2025,Autumn,True
WN-4151,2023-12-20 20:22:56.614405632,Wine,16500,28100,38100.0,2023,Autumn,True
WN-4152,2022-02-14 07:53:14.210248448,Wine,3600,7100,6600.0,2022,Spring,True
WN-4153,2024-12-02 07:14:13.758335488,Wine,17900,30000,26700.0,2024,Autumn,True
WN-4154,2024-08-18 21:21:10.800590592,Wine,4700,8300,5400.0,2024,Autumn,True
WN-4155,2022-12-06 19:31:50.085723136,Wine,5900,11700,8800.0,2022,Autumn,True
WN-4156,2021-04-01 02:10:09.215387648,Wine,9300,18500,16100.0,2021,Spring,True
WN-4157,2021-01-16 07:18:44.916865792,Wine,35500,68300,49100.0,2021,Spring,True
WN-4158,2025-05-26 05:08:57.168857088,Wine,27800,51600,43100.0,2025,Spring,True
WN-4159,2022-09-18 18:00:54.051316992,Wine,17100,33400,25700.0,2022,Autumn,True
WN-4160,2021-09-26 02:24:19.240164608,Wine,14300,28500,31700.0,2021,Autumn,True
WN-4161,2023-10-07 02:24:59.280177408,Wine,4700,9800,8800.0,2023,Autumn,True
WN-4162,2025-11-27 22:35:53.676760576,Wine,13000,26800,,2025,Autumn,False
WN-4163,2021-01-17 12:05:25.067954688,Wine,9100,18200,17500.0,2021,Spring,True
WN-4164,2021-04-20 06:07:40.525504512,Wine,8000,16900,15000.0,2021,Spring,True
WN-4165,2023-03-23 13:39:59.513231616,Wine,13000,27000,25400.0,2023,Spring,True
WN-4166,2024-08-08 10:18:42.152718592,Wine,9500,16400,23500.0,2024,Autumn,True
WN-4167,2023-07-16 11:47:44.974522624,Wine,18500,39800,,2023,Autumn,False
WN-4168,2025-10-13 15:06:08.172317696,Wine,4600,9600,9200.0,2025,Autumn,True
WN-4169,2021-03-27 18:55:30.294560512,Wine,12500,22800,23200.0,2021,Spring,True
WN-4170,2022-10-24 21:56:21.033029120,Wine,7700,13000,12100.0,2022,Autumn,True
WN-4171,2022-11-15 17:21:06.573638912,Wine,9800,19200,12200.0,2022,Autumn,True
WN-4172,2022-10-24 21:18:07.064878080,Wine,14000,26400,19800.0,2022,Autumn,True
WN-4173,2023-08-08 00:52:58.223319040,Wine,6900,14000,18600.0,2023,Autumn,True
WN-4174,2025-03-19 11:06:37.147568640,Wine,13000,25100,25500.0,2025,Spring,True
WN-4175,2022-09-11 14:23:22.979317760,Wine,10800,18400,14800.0,2022,Autumn,True
WN-4176,2024-12-19 18:20:37.257181440,Wine,8600,15400,16900.0,2024,Autumn,True
WN-4177,2021-10-13 00:31:24.134223872,Wine,9500,20000,21300.0,2021,Autumn,True
WN-4178,2023-12-28 04:05:37.167100928,Wine,11100,18700,23300.0,2023,Autumn,True
WN-4179,2022-12-31 22:06:40.142460928,Wine,8200,16600,12400.0,2022,Autumn,True
WN-4180,2023-11-16 07:18:04.717484288,Wine,12000,21800,19500.0,2023,Autumn,True
WN-4181,2021-07-29 16:20:39.628987904,Wine,10400,19800,,2021,Autumn,False
WN-4182,2026-01-30 10:31:43.662437376,Wine,8800,17100,,2026,Spring,False
WN-4183,2025-10-30 11:49:26.799996928,Wine,26600,47600,46200.0,2025,Autumn,True
WN-4184,2025-05-28 04:00:46.784122368,Wine,14800,29400,28800.0,2025,Spring,True
WN-4185,2025-10-04 08:31:44.340656128,Wine,9900,20000,13300.0,2025,Autumn,True
WN-4186,2021-10-13 10:54:37.040242176,Wine,12900,22100,21700.0,2021,Autumn,True
WN-4187,2023-09-08 05:49:18.073597696,Wine,7200,13300,14500.0,2023,Autumn,True
WN-4188,2022-09-11 15:37:45.662032896,Wine,9600,19700,23400.0,2022,Autumn,True
WN-4189,2025-09-23 20:28:22.809609984,Wine,10200,20700,18900.0,2025,Autumn,True
WN-4190,2022-01-04 15:29:51.084438272,Wine,6400,12500,18400.0,2022,Spring,True
WN-4191,2022-03-05 00:19:40.319582464,Wine,14600,29900,26000.0,2022,Spring,True
WN-4192,2024-08-29 08:18:43.090575872,Wine,9300,16000,20000.0,2024,Autumn,True
WN-4193,2021-06-22 23:58:10.840909568,Wine,10000,17300,17200.0,2021,Spring,True
WN-4194,2024-11-26 04:28:35.870573056,Wine,9000,18000,23900.0,2024,Autumn,True
WN-4195,2022-06-06 18:37:00.744322048,Wine,52700,106100,118100.0,2022,Spring,True
WN-4196,2024-07-10 04:19:31.077972736,Wine,8600,17900,14500.0,2024,Autumn,True
WN-4197,2025-08-26 22:21:24.387077888,Wine,4300,7500,8200.0,2025,Autumn,True
WN-4198,2024-04-01 07:17:22.472041216,Wine,5400,10400,,2024,Spring,False
WN-4199,2022-02-18 21:10:51.885819904,Wine,17500,35000,34500.0,2022,Spring,True
WN-4200,2021-04-06 16:13:36.137220864,Wine,23400,41600,44100.0,2021,Spring,True
WK-5001,2021-04-18 17:54:39.638569728,Spirits,4500,9800,8900.0,2021,Spring,True
WK-5002,2024-08-05 22:29:58.649201408,Spirits,1900,4300,4100.0,2024,Autumn,True
WK-5003,2025-08-10 05:44:55.846539264,Spirits,8500,21600,24300.0,2025,Autumn,True
WK-5004,2023-08-26 23:53:36.663376640,Spirits,3700,7900,7400.0,2023,Autumn,True
WK-5005,2021-05-17 14:39:26.334459904,Spirits,3200,7000,5600.0,2021,Spring,True
WK-5006,2023-04-14 16:48:32.861841664,Spirits,5500,11800,20000.0,2023,Spring,True
WK-5007,2022-10-30 22:03:18.939662080,Spirits,3800,8800,11500.0,2022,Autumn,True
WK-5008,2026-04-02 20:37:42.126818304,Spirits,1300,3000,3400.0,2026,Spring,True
WK-5009,2024-09-07 04:50:59.915080192,Spirits,1900,4400,4500.0,2024,Autumn,True
WK-5010,2024-11-04 18:23:17.969027584,Spirits,8400,21600,,2024,Autumn,False
WK-5011,2023-10-01 19:10:49.523563264,Spirits,4200,11000,6700.0,2023,Autumn,True
WK-5012,2024-10-12 12:29:00.022069248,Spirits,1200,3100,1900.0,2024,Autumn,True
WK-5013,2024-11-07 02:57:17.628595712,Spirits,5100,12700,,2024,Autumn,False
WK-5014,2021-05-10 03:13:30.598917888,Spirits,2700,6000,3600.0,2021,Spring,True
WK-5015,2022-03-10 04:36:54.429071104,Spirits,2200,5100,6500.0,2022,Spring,True
WK-5016,2021-01-26 05:38:12.151502592,Spirits,1800,4000,3100.0,2021,Spring,True
WK-5017,2023-09-20 02:02:42.311356928,Spirits,8100,19900,18800.0,2023,Autumn,True
WK-5018,2025-09-01 07:21:23.112942336,Spirits,1000,2100,1600.0,2025,Autumn,True
WK-5019,2024-04-01 04:38:05.958278144,Spirits,2200,4700,3900.0,2024,Spring,True
WK-5020,2023-09-01 09:41:32.563432448,Spirits,4400,8800,5300.0,2023,Autumn,True
WK-5021,2025-12-07 22:18:32.208506368,Spirits,12100,28600,23900.0,2025,Autumn,True
WK-5022,2021-12-02 03:17:36.019535872,Spirits,5900,14200,,2021,Autumn,False
WK-5023,2021-05-26 04:19:10.589507584,Spirits,2200,4400,3700.0,2021,Spring,True
WK-5024,2025-11-21 01:50:49.607805952,Spirits,11700,26900,19200.0,2025,Autumn,True
WK-5025,2025-10-23 19:31:08.694221824,Spirits,1500,3400,2600.0,2025,Autumn,True
WK-5026,2024-08-22 01:32:49.185922560,Spirits,4800,11900,9000.0,2024,Autumn,True
WK-5027,2022-04-24 16:12:38.831522560,Spirits,5600,11400,11500.0,2022,Spring,True
WK-5028,2026-03-03 03:51:32.435254528,Spirits,2200,4400,5300.0,2026,Spring,True
WK-5029,2025-01-29 08:44:09.652725248,Spirits,6500,15500,8600.0,2025,Spring,True
WK-5030,2024-08-04 09:34:21.474258176,Spirits,2800,6600,8100.0,2024,Autumn,True
WK-5031,2022-03-10 18:51:01.716542976,Spirits,6500,16300,12400.0,2022,Spring,True
WK-5032,2023-09-26 11:19:00.019031040,Spirits,1100,2600,2100.0,2023,Autumn,True
WK-5033,2025-05-20 17:36:02.784726272,Spirits,5100,13000,15400.0,2025,Spring,True
WK-5034,2025-08-02 01:35:36.729228032,Spirits,3000,6600,6500.0,2025,Autumn,True
WK-5035,2023-12-29 13:01:55.662176768,Spirits,8900,20000,26300.0,2023,Autumn,True
WK-5036,2023-10-15 08:33:49.237432320,Spirits,3900,10000,8100.0,2023,Autumn,True
WK-5037,2024-09-19 16:37:31.862208256,Spirits,9600,19800,25200.0,2024,Autumn,True
WK-5038,2023-10-25 23:20:02.489170944,Spirits,5700,14100,,2023,Autumn,False
WK-5039,2023-03-24 19:22:30.726546944,Spirits,3700,7300,5800.0,2023,Spring,True
WK-5040,2021-06-16 05:24:34.234432768,Spirits,6900,15900,15600.0,2021,Spring,True
WK-5041,2021-09-03 07:01:26.596633600,Spirits,7000,14600,22600.0,2021,Autumn,True
WK-5042,2025-01-19 11:54:19.680638208,Spirits,5600,13100,13800.0,2025,Spring,True
WK-5043,2021-02-17 23:54:37.707162624,Spirits,800,2000,,2021,Spring,False
WK-5044,2021-04-12 18:51:14.129465344,Spirits,2000,4100,5200.0,2021,Spring,True
WK-5045,2025-10-27 10:28:25.215412992,Spirits,10500,22100,25200.0,2025,Autumn,True
WK-5046,2024-10-01 23:28:52.272435456,Spirits,1700,3700,3000.0,2024,Autumn,True
WK-5047,2021-01-09 04:45:03.471401728,Spirits,7400,16000,28600.0,2021,Spring,True
WK-5048,2022-08-31 05:40:25.521132032,Spirits,6600,14600,14400.0,2022,Autumn,True
WK-5049,2025-01-25 10:01:31.381155584,Spirits,2400,6200,3700.0,2025,Spring,True
WK-5050,2023-03-24 15:37:39.943695872,Spirits,1000,2000,1300.0,2023,Spring,True
WK-5051,2023-07-02 06:44:00.667554816,Spirits,2700,6100,7100.0,2023,Autumn,True
WK-5052,2023-06-12 19:45:04.849541888,Spirits,17100,39000,82500.0,2023,Spring,True
WK-5053,2022-01-29 08:29:06.611316736,Spirits,2200,4700,7100.0,2022,Spring,True
WK-5054,2024-11-04 19:51:56.576161280,Spirits,2300,5000,4500.0,2024,Autumn,True
WK-5055,2021-07-20 10:48:27.578412288,Spirits,2000,4800,4100.0,2021,Autumn,True
WK-5056,2023-09-15 02:39:20.280426240,Spirits,9400,22200,19400.0,2023,Autumn,True
WK-5057,2021-11-27 17:37:01.076383232,Spirits,3400,8400,12100.0,2021,Autumn,True
WK-5058,2021-04-01 13:16:06.018569472,Spirits,2600,5800,,2021,Spring,False
WK-5059,2021-10-06 18:03:44.565193984,Spirits,10800,25400,24500.0,2021,Autumn,True
WK-5060,2025-08-19 17:25:07.915812864,Spirits,6000,15200,11200.0,2025,Autumn,True
WK-5061,2021-12-09 18:48:01.929263872,Spirits,2100,5300,9000.0,2021,Autumn,True
WK-5062,2022-06-26 16:57:19.935766272,Spirits,1700,4300,5500.0,2022,Spring,True
WK-5063,2021-09-26 17:34:44.360564992,Spirits,9000,19400,18500.0,2021,Autumn,True
WK-5064,2024-12-02 08:53:54.340166144,Spirits,4000,10500,8600.0,2024,Autumn,True
WK-5065,2023-05-17 20:15:28.467171584,Spirits,1400,3400,2900.0,2023,Spring,True
WK-5066,2026-01-11 07:31:51.041565696,Spirits,1100,2800,3200.0,2026,Spring,True
WK-5067,2024-07-16 18:36:55.041501696,Spirits,1800,4400,3100.0,2024,Autumn,True
WK-5068,2023-11-01 02:00:07.753011200,Spirits,1700,4400,5000.0,2023,Autumn,True
WK-5069,2024-07-01 19:17:27.710743040,Spirits,1000,2200,2300.0,2024,Autumn,True
WK-5070,2021-03-20 16:01:37.550726912,Spirits,1900,4500,9100.0,2021,Spring,True
WK-5071,2026-01-24 23:38:12.440581376,Spirits,2100,5100,2700.0,2026,Spring,True
WK-5072,2026-02-05 05:05:18.689737728,Spirits,2900,7100,10100.0,2026,Spring,True
WK-5073,2022-06-22 08:50:11.115662848,Spirits,13100,32100,22900.0,2022,Spring,True
WK-5074,2024-05-07 15:54:44.013727232,Spirits,3300,7000,5100.0,2024,Spring,True
WK-5075,2022-01-28 22:14:58.424311296,Spirits,3600,7900,8700.0,2022,Spring,True
WK-5076,2023-12-02 09:07:21.702071296,Spirits,5700,12800,16800.0,2023,Autumn,True
WK-5077,2025-02-08 22:56:26.246636288,Spirits,3400,8300,14100.0,2025,Spring,True
WK-5078,2026-01-03 21:26:01.807119616,Spirits,5300,12900,8900.0,2026,Spring,True
WK-5079,2022-10-23 02:47:13.863119872,Spirits,4900,12200,,2022,Autumn,False
WK-5080,2024-09-11 13:28:11.298536960,Spirits,4400,10800,12500.0,2024,Autumn,True
WK-5081,2024-10-26 04:00:43.014494464,Spirits,27700,65400,87300.0,2024,Autumn,True
WK-5082,2022-03-07 08:32:00.994553088,Spirits,7600,15800,18800.0,2022,Spring,True
WK-5083,2024-05-09 02:19:00.009362688,Spirits,1900,4500,6300.0,2024,Spring,True
WK-5084,2024-06-29 10:47:45.204813312,Spirits,5200,13100,23800.0,2024,Spring,True
WK-5085,2025-01-26 21:24:37.694826752,Spirits,2300,5500,4400.0,2025,Spring,True
WK-5086,2026-04-30 21:32:12.163763456,Spirits,5500,13900,14300.0,2026,Spring,True
WK-5087,2021-03-20 07:00:45.294099712,Spirits,1500,4000,4000.0,2021,Spring,True
WK-5088,2022-01-29 16:27:17.135699968,Spirits,1800,4100,,2022,Spring,False
WK-5089,2021-10-10 07:44:35.103766528,Spirits,5100,12400,11000.0,2021,Autumn,True
WK-5090,2021-10-28 12:41:16.743323392,Spirits,8000,18700,13600.0,2021,Autumn,True
WK-5091,2023-06-03 23:13:46.004477696,Spirits,5700,12900,12400.0,2023,Spring,True
WK-5092,2025-09-06 15:10:16.824182272,Spirits,7300,15600,14700.0,2025,Autumn,True
WK-5093,2023-05-24 05:10:17.610745600,Spirits,5200,11200,11500.0,2023,Spring,True
WK-5094,2024-07-24 20:42:30.601650432,Spirits,4500,9500,7400.0,2024,Autumn,True
WK-5095,2023-01-03 16:00:57.429832960,Spirits,2800,6700,8400.0,2023,Spring,True
WK-5096,2022-09-15 01:33:19.721845248,Spirits,7100,14700,12700.0,2022,Autumn,True
WK-5097,2025-06-12 10:07:12.260120064,Spirits,8200,18500,15800.0,2025,Spring,True
WK-5098,2024-06-29 16:41:27.285254400,Spirits,3800,8900,,2024,Spring,False
WK-5099,2022-11-14 20:12:48.724584448,Spirits,3700,8300,6900.0,2022,Autumn,True
WK-5100,2025-11-14 22:56:27.028635392,Spirits,12200,30600,23900.0,2025,Autumn,True
WK-5101,2023-08-29 02:29:02.894116096,Spirits,3900,8900,16100.0,2023,Autumn,True
WK-5102,2022-01-02 09:11:01.672317440,Spirits,4200,8600,7300.0,2022,Spring,True
WK-5103,2023-07-30 08:23:37.912886016,Spirits,5600,14600,8900.0,2023,Autumn,True
WK-5104,2024-08-05 23:09:45.177282304,Spirits,3700,9400,8900.0,2024,Autumn,True
WK-5105,2022-12-16 09:37:34.927031296,Spirits,2300,5400,8900.0,2022,Autumn,True
WK-5106,2025-07-01 00:07:20.362821632,Spirits,5200,12800,10700.0,2025,Autumn,True
WK-5107,2023-11-04 11:57:23.292818432,Spirits,3900,8100,10000.0,2023,Autumn,True
WK-5108,2023-06-30 06:29:10.615413504,Spirits,14500,35700,26500.0,2023,Spring,True
WK-5109,2025-07-30 01:15:29.923591424,Spirits,6900,14800,21200.0,2025,Autumn,True
WK-5110,2023-06-20 20:06:47.639502848,Spirits,2600,6000,9600.0,2023,Spring,True
WK-5111,2023-03-18 10:36:40.554001920,Spirits,6700,14000,10700.0,2023,Spring,True
WK-5112,2021-07-21 19:58:13.899560192,Spirits,5000,12200,24100.0,2021,Autumn,True
WK-5113,2022-12-07 09:49:14.556488448,Spirits,10000,21500,15700.0,2022,Autumn,True
WK-5114,2023-02-12 15:44:37.786193408,Spirits,2800,6000,8800.0,2023,Spring,True
WK-5115,2021-12-18 11:47:05.269417984,Spirits,4600,9400,,2021,Autumn,False
WK-5116,2024-02-18 21:41:41.326122496,Spirits,3700,9100,9700.0,2024,Spring,True
WK-5117,2021-10-07 22:00:00.226740480,Spirits,4200,9100,6800.0,2021,Autumn,True
WK-5118,2022-03-12 07:12:28.393042176,Spirits,2200,5000,4000.0,2022,Spring,True
WK-5119,2023-12-28 21:14:24.364705024,Spirits,6000,13200,26500.0,2023,Autumn,True
WK-5120,2022-06-08 10:36:30.264854784,Spirits,5400,13200,,2022,Spring,False
WK-5121,2024-05-29 19:04:07.522444544,Spirits,9800,21000,23900.0,2024,Spring,True
WK-5122,2024-09-05 17:43:31.295742976,Spirits,4000,10200,8600.0,2024,Autumn,True
WK-5123,2022-08-10 07:28:02.413102848,Spirits,3000,6600,6200.0,2022,Autumn,True
WK-5124,2021-06-20 01:21:15.395842048,Spirits,7000,14300,8500.0,2021,Spring,True
WK-5125,2023-08-11 11:21:30.409724928,Spirits,2300,4900,4000.0,2023,Autumn,True
WK-5126,2021-06-30 18:43:40.123085568,Spirits,8500,17500,16900.0,2021,Spring,True
WK-5127,2023-09-30 15:34:02.171606528,Spirits,8500,19500,18500.0,2023,Autumn,True
WK-5128,2024-11-14 05:16:41.155647488,Spirits,9600,20700,15600.0,2024,Autumn,True
WK-5129,2024-04-22 03:52:57.291068672,Spirits,5200,13200,10400.0,2024,Spring,True
WK-5130,2023-05-23 07:53:30.894597888,Spirits,2800,6600,,2023,Spring,False
WK-5131,2026-01-15 15:22:39.435625472,Spirits,4300,9200,9100.0,2026,Spring,True
WK-5132,2021-07-18 00:00:09.985931008,Spirits,5200,11900,14600.0,2021,Autumn,True
WK-5133,2025-09-09 11:35:25.363733504,Spirits,2700,5700,9600.0,2025,Autumn,True
WK-5134,2025-04-07 01:13:07.924205056,Spirits,10200,21400,,2025,Spring,False
WK-5135,2023-03-28 19:28:14.366451200,Spirits,6000,13100,,2023,Spring,False
WK-5136,2021-10-25 11:30:30.227223552,Spirits,2100,4400,4500.0,2021,Autumn,True
WK-5137,2021-10-31 07:36:08.506652160,Spirits,14900,31600,54600.0,2021,Autumn,True
WK-5138,2025-11-29 20:00:58.499033856,Spirits,4300,11000,14200.0,2025,Autumn,True
WK-5139,2022-03-31 18:56:33.505626624,Spirits,1900,4500,6400.0,2022,Spring,True
WK-5140,2025-08-29 00:42:00.093108736,Spirits,2200,5700,6400.0,2025,Autumn,True
WK-5141,2023-09-07 09:53:59.825847296,Spirits,11300,24400,11900.0,2023,Autumn,True
WK-5142,2023-06-18 12:51:16.105373696,Spirits,14400,36100,25900.0,2023,Spring,True
WK-5143,2024-04-20 13:39:15.268445184,Spirits,8100,18000,26700.0,2024,Spring,True
WK-5144,2022-02-23 11:11:07.178803968,Spirits,10100,21000,15900.0,2022,Spring,True
WK-5145,2023-04-14 14:37:26.260622336,Spirits,9400,23300,19400.0,2023,Spring,True
WK-5146,2026-01-01 06:58:38.027803648,Spirits,5900,12000,9200.0,2026,Spring,True
WK-5147,2022-04-09 15:33:05.799684608,Spirits,5000,11300,11700.0,2022,Spring,True
WK-5148,2025-11-29 09:38:18.722111744,Spirits,5800,14500,16400.0,2025,Autumn,True
WK-5149,2026-04-19 17:34:10.813566208,Spirits,6700,15900,12000.0,2026,Spring,True
WK-5150,2021-04-12 00:16:23.922760704,Spirits,2400,5500,4400.0,2021,Spring,True
WK-5151,2023-11-01 01:31:49.949426688,Spirits,6700,14800,13600.0,2023,Autumn,True
WK-5152,2021-12-01 08:38:54.862418432,Spirits,11100,22700,20700.0,2021,Autumn,True
WK-5153,2024-04-24 20:32:33.396722432,Spirits,3500,9000,7700.0,2024,Spring,True
WK-5154,2026-04-10 15:35:58.591347200,Spirits,3200,6800,4300.0,2026,Spring,True
WK-5155,2025-10-12 07:55:31.222602752,Spirits,5600,12000,14800.0,2025,Autumn,True
WK-5156,2025-12-05 18:07:21.183107328,Spirits,2500,5400,,2025,Autumn,False
WK-5157,2022-02-20 04:17:22.851341824,Spirits,1600,4000,2000.0,2022,Spring,True
WK-5158,2023-11-22 08:29:40.367493376,Spirits,8900,22000,19300.0,2023,Autumn,True
WK-5159,2022-04-02 23:32:52.042955264,Spirits,2900,6600,11100.0,2022,Spring,True
WK-5160,2025-10-17 06:43:53.553743872,Spirits,4100,10400,6600.0,2025,Autumn,True
WK-5161,2022-01-07 23:39:21.933142528,Spirits,2600,5300,7500.0,2022,Spring,True
WK-5162,2021-10-27 14:29:49.362573312,Spirits,9800,24800,,2021,Autumn,False
WK-5163,2021-01-24 16:02:36.785657600,Spirits,7300,14800,17500.0,2021,Spring,True
WK-5164,2021-12-21 01:41:34.286948096,Spirits,3400,7600,7500.0,2021,Autumn,True
WK-5165,2022-01-05 06:41:02.398178816,Spirits,1800,3600,3800.0,2022,Spring,True
WK-5166,2021-05-31 19:06:06.185506304,Spirits,3100,8200,8000.0,2021,Spring,True
WK-5167,2025-08-16 14:58:49.777709312,Spirits,6000,15200,11400.0,2025,Autumn,True
WK-5168,2025-02-26 21:01:03.566437632,Spirits,4600,10700,15700.0,2025,Spring,True
WK-5169,2022-05-11 05:18:13.867582720,Spirits,4300,9200,6800.0,2022,Spring,True
WK-5170,2025-03-05 05:16:03.991607040,Spirits,4600,10000,15400.0,2025,Spring,True
WK-5171,2023-04-02 12:46:22.776951552,Spirits,6800,15400,10900.0,2023,Spring,True
WK-5172,2025-02-18 03:54:01.900071424,Spirits,3900,8500,7300.0,2025,Spring,True
WK-5173,2022-09-21 13:44:57.736715776,Spirits,5500,11000,8700.0,2022,Autumn,True
WK-5174,2024-01-04 19:36:39.578003200,Spirits,2000,4800,3700.0,2024,Spring,True
WK-5175,2023-01-13 14:44:19.505138944,Spirits,23900,56600,46200.0,2023,Spring,True
WK-5176,2022-01-01 05:12:40.889750784,Spirits,3300,8300,6900.0,2022,Spring,True
WK-5177,2024-02-14 15:23:53.571945984,Spirits,4600,10500,13100.0,2024,Spring,True
WK-5178,2025-01-01 02:48:06.055795968,Spirits,5900,13100,12800.0,2025,Spring,True
WK-5179,2025-01-05 13:06:54.529362432,Spirits,3000,6900,7000.0,2025,Spring,True
WK-5180,2022-11-25 08:08:27.575454976,Spirits,4000,8500,6900.0,2022,Autumn,True
SN-6001,2025-02-17 00:23:08.642545408,Modern Collectibles,3600,9400,13600.0,2025,Spring,True
SN-6002,2022-12-02 18:05:35.310141440,Modern Collectibles,4200,9500,10400.0,2022,Autumn,True
SN-6003,2025-11-28 04:37:28.840692736,Modern Collectibles,5300,13600,15000.0,2025,Autumn,True
SN-6004,2022-03-02 03:11:03.621237760,Modern Collectibles,8500,21100,28400.0,2022,Spring,True
SN-6005,2025-03-29 08:49:07.799275520,Modern Collectibles,7300,18500,15500.0,2025,Spring,True
SN-6006,2022-01-28 12:18:07.186347008,Modern Collectibles,3200,8000,6500.0,2022,Spring,True
SN-6007,2022-01-19 13:35:17.069971968,Modern Collectibles,13000,33700,,2022,Spring,False
SN-6008,2023-05-18 10:16:40.922156800,Modern Collectibles,10600,25100,28600.0,2023,Spring,True
SN-6009,2026-01-13 20:30:18.854567424,Modern Collectibles,3500,7500,17600.0,2026,Spring,True
SN-6010,2024-02-14 07:05:18.746474240,Modern Collectibles,12500,27900,18200.0,2024,Spring,True
SN-6011,2024-05-20 18:34:34.759832576,Modern Collectibles,7300,17900,27400.0,2024,Spring,True
SN-6012,2021-01-19 22:33:17.045907200,Modern Collectibles,5500,11400,14300.0,2021,Spring,True
SN-6013,2021-04-21 04:09:23.461639168,Modern Collectibles,7400,19000,31800.0,2021,Spring,True
SN-6014,2021-05-11 06:05:12.244100864,Modern Collectibles,5900,12500,13800.0,2021,Spring,True
SN-6015,2025-05-15 00:34:05.251361536,Modern Collectibles,8300,21000,14600.0,2025,Spring,True
SN-6016,2022-04-06 21:56:29.380564736,Modern Collectibles,6700,15400,14800.0,2022,Spring,True
SN-6017,2022-10-02 22:03:30.871324160,Modern Collectibles,4900,12300,7400.0,2022,Autumn,True
SN-6018,2024-04-01 23:14:04.463116544,Modern Collectibles,1800,4600,6400.0,2024,Spring,True
SN-6019,2024-02-11 09:00:08.826050304,Modern Collectibles,8200,18500,18300.0,2024,Spring,True
SN-6020,2023-03-10 21:22:10.755971072,Modern Collectibles,4800,11600,19300.0,2023,Spring,True
SN-6021,2021-01-09 08:50:12.561543936,Modern Collectibles,9600,20400,28500.0,2021,Spring,True
SN-6022,2023-05-25 22:14:19.194623744,Modern Collectibles,8000,19900,38500.0,2023,Spring,True
SN-6023,2024-12-08 20:46:25.264516608,Modern Collectibles,4900,12100,19700.0,2024,Autumn,True
SN-6024,2022-04-03 18:37:01.138656256,Modern Collectibles,11100,24100,20300.0,2022,Spring,True
SN-6025,2024-10-10 11:09:09.042582272,Modern Collectibles,6800,13700,12300.0,2024,Autumn,True
SN-6026,2021-01-30 11:41:50.268286208,Modern Collectibles,6600,15000,16200.0,2021,Spring,True
SN-6027,2025-11-02 23:35:47.373741312,Modern Collectibles,5500,11600,18500.0,2025,Autumn,True
SN-6028,2026-01-23 18:37:52.155681792,Modern Collectibles,16500,41000,,2026,Spring,False
SN-6029,2021-01-05 18:57:40.038698240,Modern Collectibles,3900,8400,13500.0,2021,Spring,True
SN-6030,2023-06-10 21:57:04.314309632,Modern Collectibles,4900,12700,,2023,Spring,False
SN-6031,2023-03-17 07:08:23.628864512,Modern Collectibles,2900,7400,7100.0,2023,Spring,True
SN-6032,2025-06-27 07:19:12.917512704,Modern Collectibles,9300,23600,16800.0,2025,Spring,True
SN-6033,2023-11-19 05:51:40.324183040,Modern Collectibles,4200,10000,12100.0,2023,Autumn,True
SN-6034,2024-04-04 17:12:46.468416000,Modern Collectibles,4500,9800,13000.0,2024,Spring,True
SN-6035,2022-01-30 01:50:25.325333760,Modern Collectibles,4400,10900,16500.0,2022,Spring,True
SN-6036,2021-05-30 23:13:41.714888448,Modern Collectibles,6200,15100,16200.0,2021,Spring,True
SN-6037,2024-09-09 06:37:53.626142464,Modern Collectibles,2800,7300,8300.0,2024,Autumn,True
SN-6038,2024-04-22 20:03:05.504184576,Modern Collectibles,1600,3500,3300.0,2024,Spring,True
SN-6039,2025-06-08 17:04:52.291037952,Modern Collectibles,7900,16100,22900.0,2025,Spring,True
SN-6040,2025-07-02 18:05:44.625601536,Modern Collectibles,1700,4400,6200.0,2025,Autumn,True
SN-6041,2024-05-12 23:52:17.168275200,Modern Collectibles,10000,25100,43400.0,2024,Spring,True
SN-6042,2023-11-14 15:37:48.105516800,Modern Collectibles,15300,32600,44900.0,2023,Autumn,True
SN-6043,2025-11-14 15:50:31.905346048,Modern Collectibles,5400,13200,13800.0,2025,Autumn,True
SN-6044,2025-04-09 06:14:24.723047936,Modern Collectibles,13100,26200,19000.0,2025,Spring,True
SN-6045,2025-09-14 04:46:37.073876736,Modern Collectibles,5900,13800,18000.0,2025,Autumn,True
SN-6046,2026-04-22 21:45:11.926758912,Modern Collectibles,15700,34700,20500.0,2026,Spring,True
SN-6047,2023-02-25 05:20:03.522649856,Modern Collectibles,4600,10200,16600.0,2023,Spring,True
SN-6048,2024-10-27 03:42:59.283458048,Modern Collectibles,1500,3100,5100.0,2024,Autumn,True
SN-6049,2024-08-31 23:31:09.273272320,Modern Collectibles,5700,12400,7900.0,2024,Autumn,True
SN-6050,2021-12-05 21:09:40.620582400,Modern Collectibles,16700,38000,36200.0,2021,Autumn,True
SN-6051,2024-05-23 17:21:56.880229888,Modern Collectibles,8300,17800,20600.0,2024,Spring,True
SN-6052,2023-04-14 01:28:53.546333952,Modern Collectibles,4400,10000,10800.0,2023,Spring,True
SN-6053,2023-05-27 22:29:04.562414848,Modern Collectibles,7300,17100,15100.0,2023,Spring,True
SN-6054,2021-12-17 13:09:52.841317888,Modern Collectibles,10700,26100,22800.0,2021,Autumn,True
SN-6055,2024-12-20 06:18:23.118963456,Modern Collectibles,5700,13700,8500.0,2024,Autumn,True
SN-6056,2024-09-20 04:38:09.534959616,Modern Collectibles,29000,62200,96200.0,2024,Autumn,True
SN-6057,2023-11-02 20:04:43.147045376,Modern Collectibles,4400,8900,11300.0,2023,Autumn,True
SN-6058,2021-11-01 23:24:47.185238784,Modern Collectibles,10900,27400,12000.0,2021,Autumn,True
SN-6059,2023-12-20 15:48:46.567149312,Modern Collectibles,9500,23900,22100.0,2023,Autumn,True
SN-6060,2021-07-14 20:37:52.852635904,Modern Collectibles,3900,10200,11100.0,2021,Autumn,True
SN-6061,2022-10-23 10:01:51.992212480,Modern Collectibles,4700,12000,10000.0,2022,Autumn,True
SN-6062,2022-12-26 14:36:02.483247104,Modern Collectibles,11100,26300,24000.0,2022,Autumn,True
SN-6063,2025-09-16 03:29:58.319585792,Modern Collectibles,6500,16600,12300.0,2025,Autumn,True
SN-6064,2023-03-20 16:24:40.217596416,Modern Collectibles,7300,16700,13100.0,2023,Spring,True
SN-6065,2024-03-10 14:56:12.279477248,Modern Collectibles,2200,5600,9700.0,2024,Spring,True
SN-6066,2025-08-30 07:40:40.263843584,Modern Collectibles,8900,22900,,2025,Autumn,False
SN-6067,2023-04-09 12:40:07.779514624,Modern Collectibles,7100,17700,20700.0,2023,Spring,True
SN-6068,2025-09-16 16:29:21.124980480,Modern Collectibles,5800,13000,17300.0,2025,Autumn,True
SN-6069,2021-09-23 13:17:20.904879104,Modern Collectibles,7500,16600,28900.0,2021,Autumn,True
SN-6070,2022-12-11 23:38:05.323195648,Modern Collectibles,4700,10200,15000.0,2022,Autumn,True
SN-6071,2021-07-04 08:08:29.185440512,Modern Collectibles,4200,9300,13000.0,2021,Autumn,True
SN-6072,2023-12-28 13:39:26.661431296,Modern Collectibles,5200,12900,17400.0,2023,Autumn,True
SN-6073,2026-02-06 20:54:04.857429504,Modern Collectibles,4500,11000,14300.0,2026,Spring,True
SN-6074,2024-07-02 10:16:42.660639744,Modern Collectibles,22200,47700,64600.0,2024,Autumn,True
SN-6075,2024-05-03 08:14:08.277561344,Modern Collectibles,10400,25200,22700.0,2024,Spring,True
SN-6076,2022-06-26 07:07:14.737020672,Modern Collectibles,3400,7500,11600.0,2022,Spring,True
SN-6077,2025-12-17 22:24:36.197043456,Modern Collectibles,20400,47500,60500.0,2025,Autumn,True
SN-6078,2023-07-07 14:33:38.117390592,Modern Collectibles,4600,10300,9400.0,2023,Autumn,True
SN-6079,2022-06-04 14:03:49.987627008,Modern Collectibles,6100,14100,12800.0,2022,Spring,True
SN-6080,2026-04-07 01:32:23.590115584,Modern Collectibles,10300,25100,55100.0,2026,Spring,True
SN-6081,2023-04-04 09:34:48.734218240,Modern Collectibles,1800,4500,7300.0,2023,Spring,True
SN-6082,2022-12-24 22:29:18.508039168,Modern Collectibles,5200,12800,12700.0,2022,Autumn,True
SN-6083,2021-03-10 00:49:51.700529152,Modern Collectibles,4300,9500,14900.0,2021,Spring,True
SN-6084,2021-12-13 23:05:18.332697344,Modern Collectibles,6800,16400,15100.0,2021,Autumn,True
SN-6085,2025-04-24 16:28:22.970264832,Modern Collectibles,7500,16100,30300.0,2025,Spring,True
SN-6086,2023-07-29 07:47:31.795219712,Modern Collectibles,5700,13100,17300.0,2023,Autumn,True
SN-6087,2026-02-02 04:28:09.286731264,Modern Collectibles,5600,13100,20300.0,2026,Spring,True
SN-6088,2021-06-13 05:48:09.193515008,Modern Collectibles,11400,27400,80200.0,2021,Spring,True
SN-6089,2024-04-13 15:01:21.121594880,Modern Collectibles,7200,18300,13800.0,2024,Spring,True
SN-6090,2024-11-02 02:08:22.656706816,Modern Collectibles,6200,13400,15100.0,2024,Autumn,True
SN-6091,2024-04-23 19:44:12.258250240,Modern Collectibles,6600,16400,26800.0,2024,Spring,True
SN-6092,2023-10-29 03:24:05.645224704,Modern Collectibles,18100,39500,,2023,Autumn,False
SN-6093,2024-01-31 08:50:41.111156992,Modern Collectibles,6700,15500,20900.0,2024,Spring,True
SN-6094,2024-09-03 20:43:26.816319488,Modern Collectibles,4400,11000,9900.0,2024,Autumn,True
SN-6095,2025-08-07 21:51:37.951369728,Modern Collectibles,1900,4600,7000.0,2025,Autumn,True
SN-6096,2022-10-17 12:38:24.960019200,Modern Collectibles,2500,6400,8100.0,2022,Autumn,True
SN-6097,2023-06-14 11:41:03.022611456,Modern Collectibles,4500,11300,6400.0,2023,Spring,True
SN-6098,2024-05-22 11:31:16.800125952,Modern Collectibles,5600,12200,11100.0,2024,Spring,True
SN-6099,2022-09-04 11:08:30.614835968,Modern Collectibles,4300,11200,18300.0,2022,Autumn,True
SN-6100,2021-12-14 21:52:29.896228096,Modern Collectibles,7400,19000,19000.0,2021,Autumn,True
SN-6101,2026-02-24 03:56:44.219637248,Modern Collectibles,4300,9600,15500.0,2026,Spring,True
SN-6102,2022-01-14 22:37:04.880422144,Modern Collectibles,3500,7000,13500.0,2022,Spring,True
SN-6103,2022-03-29 21:33:59.355600128,Modern Collectibles,8700,18900,,2022,Spring,False
SN-6104,2024-04-18 23:06:56.292980480,Modern Collectibles,13600,34100,62400.0,2024,Spring,True
SN-6105,2021-05-31 13:24:34.367665920,Modern Collectibles,3100,7900,7500.0,2021,Spring,True
SN-6106,2021-03-08 06:09:41.845627392,Modern Collectibles,6900,17400,30600.0,2021,Spring,True
SN-6107,2021-05-05 13:41:28.867650048,Modern Collectibles,1900,4300,11200.0,2021,Spring,True
SN-6108,2021-08-28 20:54:19.126002688,Modern Collectibles,2500,5000,4100.0,2021,Autumn,True
SN-6109,2023-04-16 05:12:36.896814336,Modern Collectibles,4200,9700,8400.0,2023,Spring,True
SN-6110,2025-06-02 17:47:20.732516096,Modern Collectibles,11900,26400,33700.0,2025,Spring,True
SN-6111,2022-10-28 11:27:19.062480640,Modern Collectibles,3800,7800,5300.0,2022,Autumn,True
SN-6112,2023-04-12 23:25:37.882895104,Modern Collectibles,3700,7600,6600.0,2023,Spring,True
SN-6113,2024-03-14 02:07:37.343302912,Modern Collectibles,6100,12800,34500.0,2024,Spring,True
SN-6114,2022-08-11 23:21:11.715595776,Modern Collectibles,6100,13000,7000.0,2022,Autumn,True
SN-6115,2023-04-22 17:14:56.723927040,Modern Collectibles,3700,9200,10700.0,2023,Spring,True
SN-6116,2023-01-22 18:18:03.683927296,Modern Collectibles,19800,44000,57700.0,2023,Spring,True
SN-6117,2022-10-28 07:19:44.145201152,Modern Collectibles,5100,11600,14100.0,2022,Autumn,True
SN-6118,2023-01-26 19:30:52.514960640,Modern Collectibles,6400,15200,23500.0,2023,Spring,True
SN-6119,2021-01-22 15:14:29.569506048,Modern Collectibles,4700,12100,20200.0,2021,Spring,True
SN-6120,2025-09-21 15:55:05.678221824,Modern Collectibles,7800,19200,30900.0,2025,Autumn,True
SN-6121,2026-03-17 22:00:17.380957184,Modern Collectibles,12600,30100,,2026,Spring,False
SN-6122,2025-08-06 10:01:19.646037504,Modern Collectibles,16300,39800,28800.0,2025,Autumn,True
SN-6123,2021-01-12 04:11:13.802745600,Modern Collectibles,3800,9200,16700.0,2021,Spring,True
SN-6124,2025-01-01 05:21:30.862172160,Modern Collectibles,11600,28000,85200.0,2025,Spring,True
SN-6125,2024-01-21 06:04:13.657763584,Modern Collectibles,8300,19200,,2024,Spring,False
SN-6126,2021-07-03 06:20:42.157341440,Modern Collectibles,10800,25200,45300.0,2021,Autumn,True
SN-6127,2025-12-21 08:15:10.927500288,Modern Collectibles,5700,12900,16800.0,2025,Autumn,True
SN-6128,2025-02-19 12:26:41.291570432,Modern Collectibles,5400,12000,19800.0,2025,Spring,True
SN-6129,2021-10-10 17:55:03.944178432,Modern Collectibles,10500,22700,18800.0,2021,Autumn,True
SN-6130,2026-02-20 00:35:27.356658176,Modern Collectibles,10600,23500,39800.0,2026,Spring,True
SN-6131,2021-09-03 13:59:11.584565248,Modern Collectibles,15400,34600,44700.0,2021,Autumn,True
SN-6132,2023-06-04 19:22:08.565231360,Modern Collectibles,6800,15900,,2023,Spring,False
SN-6133,2021-11-06 08:48:09.425210368,Modern Collectibles,5600,12900,10000.0,2021,Autumn,True
SN-6134,2021-10-20 06:30:39.212583680,Modern Collectibles,1400,2800,2500.0,2021,Autumn,True
SN-6135,2026-02-27 08:23:57.138172160,Modern Collectibles,2300,5000,4700.0,2026,Spring,True
SN-6136,2024-01-19 08:25:20.575732224,Modern Collectibles,4700,10500,18700.0,2024,Spring,True
SN-6137,2022-05-20 08:30:19.281362432,Modern Collectibles,3100,7500,11200.0,2022,Spring,True
SN-6138,2025-02-19 20:57:22.381021952,Modern Collectibles,9800,21500,15100.0,2025,Spring,True
SN-6139,2025-08-31 05:24:51.930087424,Modern Collectibles,2700,5500,,2025,Autumn,False
SN-6140,2025-11-21 15:46:27.349451008,Modern Collectibles,4400,9100,12100.0,2025,Autumn,True
